StartDate,EndDate,Status,IPAddress,Progress,Duration (in seconds),Finished,RecordedDate,ResponseId,RecipientLastName,RecipientFirstName,RecipientEmail,ExternalReference,LocationLatitude,LocationLongitude,DistributionChannel,UserLanguage,age,gender,native,fluent,education,residence,cabbage_2_qa,cabbage_2_qb,telescope_2_qa,telescope_2_qb,axe_2_qa,axe_2_qb,sofa_4_qa,sofa_4_qb,bracelet_3_qa,bracelet_3_qa,iron_4_qa,iron_4_qb,screwdriver_2_qa,screwdriver_2_qb,mincer_2_qa,mincer_2_qb,stapler_4_qa,stapler_4_qb,broom_2_qa,broom_2_qb,pakchoi_3_qa,pakchoi_3_qb,tv_2_qa,tv_2_qb,triangleruler_4_qa,triangleruler_4_qb,glove_3_qa,glove_3_qb,guitar_3_qa,guitar_3_qb,pipe_3_qa,pipe_3_qb,toothbrush_4_qa,toothbrush_4_qb,silvermedal_2_qa,silvermedal_2_qb,fan_3_qa,fan_3_qb,garlic_4_qa,garlic_4_qb,monitor_2_qa,monitor_2_qb,key_3_qa,key_3_qb,popsicle_4_qa,popsicle_4_qb,tie_3_qa,tie_3_qb,microscope_3_qa,microscope_3_qb,woodendoor_2_qa,woodendoor_2_qb,paperclip_4_qa,paperclip_4_qb,motorcycle_3_qa,motorcycle_3_qb,hammer_4_qa,hammer_4_qb,torch_2_qa,torch_2_qb,laptop_3_qa,laptop_3_qb,belt_3_qa,belt_3_qb,nailclippers_2_qa,nailclippers_2_qb,blackboard_2_qa,blackboard_2_qb,spoon_4_qa,spoon_4_qb,egg_4_qa,egg_4_qb,slingshot_2_qa,slingshot_2_qb,plane_4_qa,plane_4_qb,bicycle_2_qa,bicycle_2_qb,thermometer_3_qa,thermometer_3_qb,washingmachine_2_qa,washingmachine_2_qb,screwnut_4_qa,screwnut_4_qb,piano_3_qa,piano_3_qb,balance_2_qa,balance_2_qb,brush_3_qa,brush_3_qb,harp_2_qa,harp_2_qb,handfan_4_qa,handfan_4_qb,coffeemachine_3_qa,coffeemachine_3_qb,watch_3_qa,watch_3_qb,microwave_2_qa,microwave_2_qb,draftingcomp_4_qa,draftingcomp_4_qb,lighthouse_2_qa,lighthouse_qb,comb_4_qa,comb_4_qb,hat_2_qa,hat_2_qb,truck_3_qa,truck_3_qb,mirror_3_qa,mirror_3_qb,desklamp_3_qa,desklamp_3_qb,scissors_4_qa,scissors_4_qb,abacus_3_qa,abacus_3_qb,hairblower_2_qa,hairblower_2_qb,printer_4_qa,printer_4_qb,printer_4_qa,printer_4_qb,camera_3_qa,camera_3_qb,bow_4_qa,bow_4_qb,randomID,mincer_2_qa - Topics,FL_75_DO
Start Date,End Date,Response Type,IP Address,Progress,Duration (in seconds),Finished,Recorded Date,Response ID,Recipient Last Name,Recipient First Name,Recipient Email,External Data Reference,Location Latitude,Location Longitude,Distribution Channel,User Language,你的年龄是__岁,你的性别是,你的母语（五岁以前说的语言）是：,你的最流利的语言是：,你的最高教育程度是,你目前居住在,"两__卷心菜
你更倾向用哪一个量词描述上面的图片？填你觉得最顺口的。","两__卷心菜
如果不用刚才你填的那个量词，还可以用哪一个量词？如果你觉得没有第二个合适的量词可以使用，填“没有”。","两__望远镜
你更倾向用哪一个量词描述上面的图片？填你觉得最顺口的。","两__望远镜
如果不用刚才你填的那个量词，还可以用哪一个量词？如果你觉得没有第二个合适的量词可以使用，填“没有”。","两__斧头
你更倾向用哪一个量词描述上面的图片？填你觉得最顺口的。","两__斧头
如果不用刚才你填的那个量词，还可以用哪一个量词？ 如果你觉得没有第二个合适的量词可以使用，填“没有”。","四__沙发
你更倾向用哪一个量词描述上面的图片？填你觉得最顺口的。","四__沙发
如果不用刚才你填的那个量词，还可以用哪一个量词？如果你觉得没有第二个合适的量词可以使用，填“没有”。","三__手镯
你更倾向用哪一个量词描述上面的图片？填你觉得最顺口的。","三__手镯
如果不用刚才你填的那个量词，还可以用哪一个量词？如果你觉得没有第二个合适的量词可以使用，填“没有”。","四__熨斗
你更倾向用哪一个量词描述上面的图片？填你觉得最顺口的。","四__熨斗
如果不用刚才你填的那个量词，还可以用哪一个量词？如果你觉得没有第二个合适的量词可以使用，填“没有”。","两__螺丝刀
你更倾向用哪一个量词描述上面的图片？填你觉得最顺口的。","两__螺丝刀
如果不用刚才你填的那个量词，还可以用哪一个量词？如果你觉得没有第二个合适的量词可以使用，填“没有”。","两__绞肉机
你更倾向用哪一个量词描述上面的图片？填你觉得最顺口的。","两__绞肉机
如果不用刚才你填的那个量词，还可以用哪一个量词？如果你觉得没有第二个合适的量词可以使用，填“没有”。","四__订书机
你更倾向用哪一个量词描述上面的图片？填你觉得最顺口的。","四__订书机
如果不用刚才你填的那个量词，还可以用哪一个量词？如果你觉得没有第二个合适的量词可以使用，填“没有”。","两__扫帚
你更倾向用哪一个量词描述上面的图片？填你觉得最顺口的。","两__扫帚
如果不用刚才你填的那个量词，还可以用哪一个量词？如果你觉得没有第二个合适的量词可以使用，填“没有”。","两__白菜
你更倾向用哪一个量词描述上面的图片？填你觉得最顺口的。","两__白菜
如果不用刚才你填的那个量词，还可以用哪一个量词？如果你觉得没有第二个合适的量词可以使用，填“没有”。","两__电视
你更倾向用哪一个量词描述上面的图片？填你觉得最顺口的。","两__电视
如果不用刚才你填的那个量词，还可以用哪一个量词？如果你觉得没有第二个合适的量词可以使用，填“没有”。","四__三角尺
你更倾向用哪一个量词描述上面的图片？填你觉得最顺口的。","四__三角尺
如果不用刚才你填的那个量词，还可以用哪一个量词？如果你觉得没有第二个合适的量词可以使用，填“没有”。","三__手套
你更倾向用哪一个量词描述上面的图片？填你觉得最顺口的。","三__手套
如果不用刚才你填的那个量词，还可以用哪一个量词？如果你觉得没有第二个合适的量词可以使用，填“没有”。","三__吉他
你更倾向用哪一个量词描述上面的图片？填你觉得最顺口的。","三__吉他
如果不用刚才你填的那个量词，还可以用哪一个量词？如果你觉得没有第二个合适的量词可以使用，填“没有”。","三__烟斗
你更倾向用哪一个量词描述上面的图片？填你觉得最顺口的。","三__烟斗
如果不用刚才你填的那个量词，还可以用哪一个量词？如果你觉得没有第二个合适的量词可以使用，填“没有”。","四__牙刷
你更倾向用哪一个量词描述上面的图片？填你觉得最顺口的。","四__牙刷
如果不用刚才你填的那个量词，还可以用哪一个量词？如果你觉得没有第二个合适的量词可以使用，填“没有”。","两__奖牌
你更倾向用哪一个量词描述上面的图片？填你觉得最顺口的。","两__奖牌
如果不用刚才你填的那个量词，还可以用哪一个量词？如果你觉得没有第二个合适的量词可以使用，填“没有”。","三__电风扇
你更倾向用哪一个量词描述上面的图片？填你觉得最顺口的。","三__电风扇
如果不用刚才你填的那个量词，还可以用哪一个量词？如果你觉得没有第二个合适的量词可以使用，填“没有”。","四__大蒜
你更倾向用哪一个量词描述上面的图片？填你觉得最顺口的。","四__大蒜
如果不用刚才你填的那个量词，还可以用哪一个量词？如果你觉得没有第二个合适的量词可以使用，填“没有”。","两__显示器
你更倾向用哪一个量词描述上面的图片？填你觉得最顺口的。","两__显示器
如果不用刚才你填的那个量词，还可以用哪一个量词？如果你觉得没有第二个合适的量词可以使用，填“没有”。","三__钥匙
你更倾向用哪一个量词描述上面的图片？填你觉得最顺口的。","三__钥匙
如果不用刚才你填的那个量词，还可以用哪一个量词？如果你觉得没有第二个合适的量词可以使用，填“没有”。","四__雪糕
你更倾向用哪一个量词描述上面的图片？填你觉得最顺口的。","四__雪糕
如果不用刚才你填的那个量词，还可以用哪一个量词？如果你觉得没有第二个合适的量词可以使用，填“没有”。","三__领带
你更倾向用哪一个量词描述上面的图片？填你觉得最顺口的。","三__领带
如果不用刚才你填的那个量词，还可以用哪一个量词？如果你觉得没有第二个合适的量词可以使用，填“没有”。","三__显微镜
你更倾向用哪一个量词描述上面的图片？填你觉得最顺口的。","三__显微镜
如果不用刚才你填的那个量词，还可以用哪一个量词？如果你觉得没有第二个合适的量词可以使用，填“没有”。","两__门
你更倾向用哪一个量词描述上面的图片？填你觉得最顺口的。","两__门
如果不用刚才你填的那个量词，还可以用哪一个量词？如果你觉得没有第二个合适的量词可以使用，填“没有”。","四__回形针
你更倾向用哪一个量词描述上面的图片？填你觉得最顺口的。","四__回形针
如果不用刚才你填的那个量词，还可以用哪一个量词？如果你觉得没有第二个合适的量词可以使用，填“没有”。","三__摩托车
你更倾向用哪一个量词描述上面的图片？填你觉得最顺口的。","三__摩托车
如果不用刚才你填的那个量词，还可以用哪一个量词？如果你觉得没有第二个合适的量词可以使用，填“没有”。","四__锤子
你更倾向用哪一个量词描述上面的图片？填你觉得最顺口的。","四__锤子
如果不用刚才你填的那个量词，还可以用哪一个量词？如果你觉得没有第二个合适的量词可以使用，填“没有”。","两__手电筒
你更倾向用哪一个量词描述上面的图片？填你觉得最顺口的。","两__手电筒
如果不用刚才你填的那个量词，还可以用哪一个量词？如果你觉得没有第二个合适的量词可以使用，填“没有”。","三__笔记本电脑
你更倾向用哪一个量词描述上面的图片？填你觉得最顺口的。","三__笔记本电脑
如果不用刚才你填的那个量词，还可以用哪一个量词？如果你觉得没有第二个合适的量词可以使用，填“没有”。","三__皮带
你更倾向用哪一个量词描述上面的图片？填你觉得最顺口的。","三__皮带
如果不用刚才你填的那个量词，还可以用哪一个量词？如果你觉得没有第二个合适的量词可以使用，填“没有”。","两__指甲钳
你更倾向用哪一个量词描述上面的图片？填你觉得最顺口的。","两__指甲钳
如果不用刚才你填的那个量词，还可以用哪一个量词？如果你觉得没有第二个合适的量词可以使用，填“没有”。","两__黑板
你更倾向用哪一个量词描述上面的图片？填你觉得最顺口的。","两__黑板
如果不用刚才你填的那个量词，还可以用哪一个量词？如果你觉得没有第二个合适的量词可以使用，填“没有”。","四__勺子
你更倾向用哪一个量词描述上面的图片？填你觉得最顺口的。","四__勺子
如果不用刚才你填的那个量词，还可以用哪一个量词？如果你觉得没有第二个合适的量词可以使用，填“没有”。","四__鸡蛋
你更倾向用哪一个量词描述上面的图片？填你觉得最顺口的。","四__鸡蛋
如果不用刚才你填的那个量词，还可以用哪一个量词？如果你觉得没有第二个合适的量词可以使用，填“没有”。","两__弹弓
你更倾向用哪一个量词描述上面的图片？填你觉得最顺口的。","两__弹弓
如果不用刚才你填的那个量词，还可以用哪一个量词？如果你觉得没有第二个合适的量词可以使用，填“没有”。","四__飞机
你更倾向用哪一个量词描述上面的图片？填你觉得最顺口的。","四__飞机
如果不用刚才你填的那个量词，还可以用哪一个量词？如果你觉得没有第二个合适的量词可以使用，填“没有”。","两__自行车

你更倾向用哪一个量词描述上面的图片？填你觉得最顺口的。","两__自行车
如果不用刚才你填的那个量词，还可以用哪一个量词？如果你觉得没有第二个合适的量词可以使用，填“没有”。","三__体温计
你更倾向用哪一个量词描述上面的图片？填你觉得最顺口的。","三__体温计
如果不用刚才你填的那个量词，还可以用哪一个量词？如果你觉得没有第二个合适的量词可以使用，填“没有”。","两__洗衣机
你更倾向用哪一个量词描述上面的图片？填你觉得最顺口的。","两__洗衣机
如果不用刚才你填的那个量词，还可以用哪一个量词？如果你觉得没有第二个合适的量词可以使用，填“没有”。","四__螺母
你更倾向用哪一个量词描述上面的图片？填你觉得最顺口的。","四__螺母
如果不用刚才你填的那个量词，还可以用哪一个量词？如果你觉得没有第二个合适的量词可以使用，填“没有”。","三__钢琴
你更倾向用哪一个量词描述上面的图片？填你觉得最顺口的。","三__钢琴
如果不用刚才你填的那个量词，还可以用哪一个量词？如果你觉得没有第二个合适的量词可以使用，填“没有”。","两__天平
你更倾向用哪一个量词描述上面的图片？填你觉得最顺口的。","两__天平
如果不用刚才你填的那个量词，还可以用哪一个量词？如果你觉得没有第二个合适的量词可以使用，填“没有”。","三__刷子
你更倾向用哪一个量词描述上面的图片？填你觉得最顺口的。","三__刷子
如果不用刚才你填的那个量词，还可以用哪一个量词？如果你觉得没有第二个合适的量词可以使用，填“没有”。","两__竖琴
你更倾向用哪一个量词描述上面的图片？填你觉得最顺口的。","两__竖琴
如果不用刚才你填的那个量词，还可以用哪一个量词？如果你觉得没有第二个合适的量词可以使用，填“没有”。","四__扇子
你更倾向用哪一个量词描述上面的图片？填你觉得最顺口的。","四__扇子
如果不用刚才你填的那个量词，还可以用哪一个量词？如果你觉得没有第二个合适的量词可以使用，填“没有”。","三__咖啡机
你更倾向用哪一个量词描述上面的图片？填你觉得最顺口的。","三__咖啡机
如果不用刚才你填的那个量词，还可以用哪一个量词？如果你觉得没有第二个合适的量词可以使用，填“没有”。","三__手表
你更倾向用哪一个量词描述上面的图片？填你觉得最顺口的。","三__手表
如果不用刚才你填的那个量词，还可以用哪一个量词？如果你觉得没有第二个合适的量词可以使用，填“没有”。","两__微波炉
你更倾向用哪一个量词描述上面的图片？填你觉得最顺口的。","两__微波炉
如果不用刚才你填的那个量词，还可以用哪一个量词？如果你觉得没有第二个合适的量词可以使用，填“没有”。","四__圆规
你更倾向用哪一个量词描述上面的图片？填你觉得最顺口的。","四__圆规
如果不用刚才你填的那个量词，还可以用哪一个量词？如果你觉得没有第二个合适的量词可以使用，填“没有”。","两__灯塔
你更倾向用哪一个量词描述上面的图片？填你觉得最顺口的。","两__灯塔
如果不用刚才你填的那个量词，还可以用哪一个量词？如果你觉得没有第二个合适的量词可以使用，填“没有”。","四__梳子
你更倾向用哪一个量词描述上面的图片？填你觉得最顺口的。","四__梳子
如果不用刚才你填的那个量词，还可以用哪一个量词？如果你觉得没有第二个合适的量词可以使用，填“没有”。","两__帽子
你更倾向用哪一个量词描述上面的图片？填你觉得最顺口的。","两__帽子
如果不用刚才你填的那个量词，还可以用哪一个量词？如果你觉得没有第二个合适的量词可以使用，填“没有”。","三__卡车
你更倾向用哪一个量词描述上面的图片？填你觉得最顺口的。","三__卡车
如果不用刚才你填的那个量词，还可以用哪一个量词？如果你觉得没有第二个合适的量词可以使用，填“没有”。","三__镜子
你更倾向用哪一个量词描述上面的图片？填你觉得最顺口的。","三__镜子
如果不用刚才你填的那个量词，还可以用哪一个量词？如果你觉得没有第二个合适的量词可以使用，填“没有”。","三__台灯
你更倾向用哪一个量词描述上面的图片？填你觉得最顺口的。","三__台灯
如果不用刚才你填的那个量词，还可以用哪一个量词？如果你觉得没有第二个合适的量词可以使用，填“没有”。","四__剪刀
你更倾向用哪一个量词描述上面的图片？填你觉得最顺口的。","四__剪刀
如果不用刚才你填的那个量词，还可以用哪一个量词？如果你觉得没有第二个合适的量词可以使用，填“没有”。","三__算盘
你更倾向用哪一个量词描述上面的图片？填你觉得最顺口的。","三__算盘
如果不用刚才你填的那个量词，还可以用哪一个量词？如果你觉得没有第二个合适的量词可以使用，填“没有”。","两__吹风机
你更倾向用哪一个量词描述上面的图片？填你觉得最顺口的。","两__吹风机
如果不用刚才你填的那个量词，还可以用哪一个量词？如果你觉得没有第二个合适的量词可以使用，填“没有”。","四__打印机
你更倾向用哪一个量词描述上面的图片？填你觉得最顺口的。","四__打印机
如果不用刚才你填的那个量词，还可以用哪一个量词？如果你觉得没有第二个合适的量词可以使用，填“没有”。","四__羽毛球拍
你更倾向用哪一个量词描述上面的图片？填你觉得最顺口的。","四__羽毛球拍
如果不用刚才你填的那个量词，还可以用哪一个量词？如果你觉得没有第二个合适的量词可以使用，填“没有”。","三__照相机
你更倾向用哪一个量词描述上面的图片？填你觉得最顺口的。","三__照相机
如果不用刚才你填的那个量词，还可以用哪一个量词？如果你觉得没有第二个合适的量词可以使用，填“没有”。","四__弓箭
你更倾向用哪一个量词描述上面的图片？填你觉得最顺口的。","四__弓箭
如果不用刚才你填的那个量词，还可以用哪一个量词？如果你觉得没有第二个合适的量词可以使用，填“没有”。",randomID,mincer_2_qa - Topics,FL_75 - Block Randomizer - Display Order
"{""ImportId"":""startDate"",""timeZone"":""America/Denver""}","{""ImportId"":""endDate"",""timeZone"":""America/Denver""}","{""ImportId"":""status""}","{""ImportId"":""ipAddress""}","{""ImportId"":""progress""}","{""ImportId"":""duration""}","{""ImportId"":""finished""}","{""ImportId"":""recordedDate"",""timeZone"":""America/Denver""}","{""ImportId"":""_recordId""}","{""ImportId"":""recipientLastName""}","{""ImportId"":""recipientFirstName""}","{""ImportId"":""recipientEmail""}","{""ImportId"":""externalDataReference""}","{""ImportId"":""locationLatitude""}","{""ImportId"":""locationLongitude""}","{""ImportId"":""distributionChannel""}","{""ImportId"":""userLanguage""}","{""ImportId"":""QID274_TEXT""}","{""ImportId"":""QID277""}","{""ImportId"":""QID276""}","{""ImportId"":""QID278""}","{""ImportId"":""QID279""}","{""ImportId"":""QID280""}","{""ImportId"":""QID3_TEXT""}","{""ImportId"":""QID5_TEXT""}","{""ImportId"":""QID234_TEXT""}","{""ImportId"":""QID236_TEXT""}","{""ImportId"":""QID12_TEXT""}","{""ImportId"":""QID14_TEXT""}","{""ImportId"":""QID17_TEXT""}","{""ImportId"":""QID19_TEXT""}","{""ImportId"":""QID238_TEXT""}","{""ImportId"":""QID240_TEXT""}","{""ImportId"":""QID25_TEXT""}","{""ImportId"":""QID27_TEXT""}","{""ImportId"":""QID29_TEXT""}","{""ImportId"":""QID31_TEXT""}","{""ImportId"":""QID34_TEXT""}","{""ImportId"":""QID36_TEXT""}","{""ImportId"":""QID38_TEXT""}","{""ImportId"":""QID40_TEXT""}","{""ImportId"":""QID42_TEXT""}","{""ImportId"":""QID44_TEXT""}","{""ImportId"":""QID46_TEXT""}","{""ImportId"":""QID48_TEXT""}","{""ImportId"":""QID50_TEXT""}","{""ImportId"":""QID52_TEXT""}","{""ImportId"":""QID54_TEXT""}","{""ImportId"":""QID56_TEXT""}","{""ImportId"":""QID58_TEXT""}","{""ImportId"":""QID60_TEXT""}","{""ImportId"":""QID62_TEXT""}","{""ImportId"":""QID64_TEXT""}","{""ImportId"":""QID66_TEXT""}","{""ImportId"":""QID68_TEXT""}","{""ImportId"":""QID70_TEXT""}","{""ImportId"":""QID72_TEXT""}","{""ImportId"":""QID74_TEXT""}","{""ImportId"":""QID76_TEXT""}","{""ImportId"":""QID78_TEXT""}","{""ImportId"":""QID80_TEXT""}","{""ImportId"":""QID82_TEXT""}","{""ImportId"":""QID84_TEXT""}","{""ImportId"":""QID86_TEXT""}","{""ImportId"":""QID88_TEXT""}","{""ImportId"":""QID90_TEXT""}","{""ImportId"":""QID92_TEXT""}","{""ImportId"":""QID94_TEXT""}","{""ImportId"":""QID96_TEXT""}","{""ImportId"":""QID98_TEXT""}","{""ImportId"":""QID100_TEXT""}","{""ImportId"":""QID246_TEXT""}","{""ImportId"":""QID248_TEXT""}","{""ImportId"":""QID106_TEXT""}","{""ImportId"":""QID108_TEXT""}","{""ImportId"":""QID102_TEXT""}","{""ImportId"":""QID104_TEXT""}","{""ImportId"":""QID110_TEXT""}","{""ImportId"":""QID112_TEXT""}","{""ImportId"":""QID114_TEXT""}","{""ImportId"":""QID116_TEXT""}","{""ImportId"":""QID118_TEXT""}","{""ImportId"":""QID120_TEXT""}","{""ImportId"":""QID122_TEXT""}","{""ImportId"":""QID124_TEXT""}","{""ImportId"":""QID126_TEXT""}","{""ImportId"":""QID128_TEXT""}","{""ImportId"":""QID130_TEXT""}","{""ImportId"":""QID132_TEXT""}","{""ImportId"":""QID134_TEXT""}","{""ImportId"":""QID136_TEXT""}","{""ImportId"":""QID138_TEXT""}","{""ImportId"":""QID140_TEXT""}","{""ImportId"":""QID142_TEXT""}","{""ImportId"":""QID144_TEXT""}","{""ImportId"":""QID250_TEXT""}","{""ImportId"":""QID252_TEXT""}","{""ImportId"":""QID146_TEXT""}","{""ImportId"":""QID148_TEXT""}","{""ImportId"":""QID150_TEXT""}","{""ImportId"":""QID152_TEXT""}","{""ImportId"":""QID154_TEXT""}","{""ImportId"":""QID156_TEXT""}","{""ImportId"":""QID158_TEXT""}","{""ImportId"":""QID160_TEXT""}","{""ImportId"":""QID254_TEXT""}","{""ImportId"":""QID256_TEXT""}","{""ImportId"":""QID162_TEXT""}","{""ImportId"":""QID164_TEXT""}","{""ImportId"":""QID166_TEXT""}","{""ImportId"":""QID168_TEXT""}","{""ImportId"":""QID170_TEXT""}","{""ImportId"":""QID172_TEXT""}","{""ImportId"":""QID258_TEXT""}","{""ImportId"":""QID260_TEXT""}","{""ImportId"":""QID174_TEXT""}","{""ImportId"":""QID176_TEXT""}","{""ImportId"":""QID178_TEXT""}","{""ImportId"":""QID180_TEXT""}","{""ImportId"":""QID182_TEXT""}","{""ImportId"":""QID184_TEXT""}","{""ImportId"":""QID186_TEXT""}","{""ImportId"":""QID188_TEXT""}","{""ImportId"":""QID190_TEXT""}","{""ImportId"":""QID192_TEXT""}","{""ImportId"":""QID262_TEXT""}","{""ImportId"":""QID264_TEXT""}","{""ImportId"":""QID194_TEXT""}","{""ImportId"":""QID196_TEXT""}","{""ImportId"":""QID198_TEXT""}","{""ImportId"":""QID200_TEXT""}","{""ImportId"":""QID202_TEXT""}","{""ImportId"":""QID204_TEXT""}","{""ImportId"":""QID266_TEXT""}","{""ImportId"":""QID268_TEXT""}","{""ImportId"":""QID206_TEXT""}","{""ImportId"":""QID208_TEXT""}","{""ImportId"":""QID210_TEXT""}","{""ImportId"":""QID212_TEXT""}","{""ImportId"":""QID214_TEXT""}","{""ImportId"":""QID216_TEXT""}","{""ImportId"":""QID218_TEXT""}","{""ImportId"":""QID220_TEXT""}","{""ImportId"":""QID222_TEXT""}","{""ImportId"":""QID224_TEXT""}","{""ImportId"":""QID226_TEXT""}","{""ImportId"":""QID228_TEXT""}","{""ImportId"":""QID270_TEXT""}","{""ImportId"":""QID272_TEXT""}","{""ImportId"":""QID230_TEXT""}","{""ImportId"":""QID232_TEXT""}","{""ImportId"":""randomID""}","{""ImportId"":""QID34_TEXT_3b5f6d43a97746c184da222fTopics""}","{""ImportId"":""FL_75_DO""}"
2019-03-25 17:51:53,2019-03-25 17:52:25,Survey Preview,*******,100,32,True,2019-03-25 17:52:26,R_2qa4NeUjPhRooSI,*******,*******,*******,*******,*******,*******,preview,EN,,,,,,,棵,,,,把,,个,张,,,,,,,,,,,,,,,,,,,,,,,,,,,,,,,,,,,,,,,,,,,,,,,,,,,,,,,,,,,,,,,,,,,,,,,,,,,,,,,,,,,,,,,,,,,,,,,,,,,,,,,,,,,,,,,,,,,,,,,,,,,
2019-03-25 18:03:46,2019-03-25 18:04:36,Survey Preview,*******,100,50,True,2019-03-25 18:04:38,R_1mWXq5JP5bOvntz,*******,*******,*******,*******,*******,*******,preview,EN,,,,,,,棵,,,,,,张,,,,个,把,,,,,,,,,,,,,,,,,,,,,,,,,,,,,,,,,,,,,,,,,,,,,,,,,,,,,,,,,,,,,,,,,,,,,,,,,,,,,,,,,,,,,,,,,,,,,,,,,,,,,,,,,,,,,,,,,,,,,,,
2019-04-04 14:29:40,2019-04-04 14:30:01,Survey Preview,*******,100,21,True,2019-04-04 14:30:02,R_cAps2E2wwqltsZ3,*******,*******,*******,*******,*******,*******,preview,ZH-S,,,,,,,个,没有,,,,,,,,,,,,,,,,,,,,,,,,,,,,,,,,,,,,,,,,,,,,,,,,,,,,,,,,,,,,,,,,,,,,,,,,,,,,,,,,,,,,,,,,,,,,,,,,,,,,,,,,,,,,,,,,,,,,,,,,,,,,,,,,,
2019-04-04 14:31:33,2019-04-04 14:31:39,Survey Preview,*******,100,5,True,2019-04-04 14:31:39,R_301ZLhTrDHAOUrZ,*******,*******,*******,*******,*******,*******,preview,ZH-S,,,,,,,颗,,,,,,,,,,,,,,,,,,,,,,,,,,,,,,,,,,,,,,,,,,,,,,,,,,,,,,,,,,,,,,,,,,,,,,,,,,,,,,,,,,,,,,,,,,,,,,,,,,,,,,,,,,,,,,,,,,,,,,,,,,,,,,,,,,
2019-04-04 14:34:57,2019-04-04 14:35:14,Survey Preview,*******,100,16,True,2019-04-04 14:35:15,R_UxusivdJCSlQHjH,*******,*******,*******,*******,*******,*******,preview,ZH-S,,,,,,,颗,个,,,,,,,,,,,,,,,,,,,,,,,,,,,,,,,,,,,,,,,,,,,,,,,,,,,,,,,,,,,,,,,,,,,,,,,,,,,,,,,,,,,,,,,,,,,,,,,,,,,,,,,,,,,,,,,,,,,,,,,,,,,,,,,,,
2019-04-05 13:16:28,2019-04-05 13:16:49,Survey Preview,*******,100,21,True,2019-04-05 13:16:49,R_2CBwNglkUWn4jM9,*******,*******,*******,*******,*******,*******,preview,ZH-S,19,女,普通话/国语,普通话/国语,大学本科,中国大陆,,,,,,,,,,,,,支,个,,,,,,,,,,,,,,,,,,,,,,,,,,,,,,,,,,,,,,,,,,,,,,,,,,,,,,,,,,,,,,,,,,,,,,,,,,,,,,,,,,,,,,,,,,,,,,,,,,,,,,,,,,,,,,,,,,,,,screwdriver_2
2019-04-05 13:17:28,2019-04-05 13:17:54,Survey Preview,*******,100,26,True,2019-04-05 13:17:54,R_3hi1OjJCepRVlwG,*******,*******,*******,*******,*******,*******,preview,ZH-S,20,男,普通话/国语,普通话/国语,大学本科,海外,,,,,,,,,,,,,,,,,,,,,,,,,,,,,,,,,,,,,,,,,,,,,,,,,,,,,,,,,,,,,,,,,,,,,,,,,,,,,,,,,,,,,,,,,,,,,,,台,个,,,,,,,,,,,,,,,,,,,,,,,,,,,,,,,,,,,coffeemachine_3
2019-04-05 13:23:13,2019-04-05 13:23:47,Survey Preview,*******,100,34,True,2019-04-05 13:23:47,R_1IHtenv8eti4xHm,*******,*******,*******,*******,*******,*******,preview,ZH-S,20,男,普通话/国语,普通话/国语,大学本科,海外,,,,,,,,,,,,,,,,,,,,,,,,,,,,,,,个,没有,,,,,,,,,,,,,,,,,,,,,,,,,,,,,,,,,,,,,,,,,,,,,,,,,,,,,,,,,,,,,,,,,,,,,,,,,,,,,,,,,,,,,,,,,,,,,,,,,,,pipe_3
2019-04-05 13:27:20,2019-04-05 13:27:40,Survey Preview,*******,100,20,True,2019-04-05 13:27:40,R_22ss8Adyptl0g4E,*******,*******,*******,*******,*******,*******,preview,ZH-S,20,女,普通话/国语,普通话/国语,高中/职高/中专,海外,,,,,,,,,,,,,,,,,,,,,棵,把,,,,,,,,,,,,,,,,,,,,,,,,,,,,,,,,,,,,,,,,,,,,,,,,,,,,,,,,,,,,,,,,,,,,,,,,,,,,,,,,,,,,,,,,,,,,,,,,,,,,,,,,,,,77007,,pakchoi_3
2019-04-05 13:31:00,2019-04-05 13:31:26,Survey Preview,*******,100,26,True,2019-04-05 13:31:26,R_3kv40fS3LY738nH,*******,*******,*******,*******,*******,*******,preview,ZH-S,20,男,普通话/国语,普通话/国语,大学本科,海外,,,,,,,,,,,,,,,,,,,,,,,,,,,,,,,,,,,,,,,,,,,,,,,,,,,,,,,,,,,,,,,,,,,,,,,,,,,,,,,,,,,,,,,,,,,,,,,,,个,块,,,,,,,,,,,,,,,,,,,,,,,,,,,,,,,11324,,watch_3
2019-04-05 18:15:10,2019-04-05 18:30:27,IP Address,*******,100,917,True,2019-04-05 18:30:28,R_3HhTyIUEqgOtMIM,*******,*******,*******,*******,*******,*******,anonymous,ZH-S,29,男,普通话/国语,普通话/国语,大学本科,中国大陆,颗,个,架,台,把,个,把,个,只,个,把,个,把,个,台,架,个,只,把,个,颗,个,台,个,个,只,支,只,把,个,只,个,支,把,块,个,台,,只,个,个,台,个,只,只,个,个,只,架,个,扇,个,个,支,辆,台,把,个,只,个,台,个,条,只,把,只,个,只,把,个,颗,只,只,架,架,个,辆,个,只,个,台,个,个,只,架,个,个,把,把,个,架,把,把,个,只,个,只,个,个,没有,个,支,个,没有,把,只,顶,个,辆,个,面,只,个,没有,把,个,只,个,架,个,个,没有,个,没有,个,架,把,支,19521,Unknown,glove_3|balance_2|microwave_2|bicycle_2|coffeemachine_3|hammer_4|paperclip_4|printer_4|draftingcompasses_4|piano_3|iron_4|woodendoor_2|sofa_4|bow_4|nailclippers_2|spoon_4|scissors_4|pakchoi_3|pipe_3|camera_3|truck_3|slingshot_2|screwdriver_2|axe_2|screwnut_4|racket_4|blackboard_2|comb_4|harp_2|bracelet_3|microscope_3|brush_3|stapler_4|key_3|plane_4|hat_2|garlic_4|tie_3|mirror_3|silvermedal_2|laptop_3|lighthouse_2|handfan_4|cabbage_2|monitor_2|washingmachine_2|guitar_3|tv_2|abacus_3|thermometer_3|fan_3|egg_4|belt_3|triangleruler_4|telescope_2|desklamp_3|mincer_2|popsicle_4|hairblower_2|motorcycle_3|watch_3|torch_2|toothbrush_4|broom_2
2019-04-05 19:42:56,2019-04-05 20:15:44,IP Address,*******,100,1967,True,2019-04-05 20:15:44,R_3EG1BZHEaJCO61V,*******,*******,*******,*******,*******,*******,anonymous,ZH-S,20,男,粤语,粤语,高中/职高/中专,中国大陆,块,个,个,没有,把,没有,个,没有,只,个,个,把,把,没有,台,没有,个,没有,把,没有,颗,没有,台,个,个,没有,个,没有,把,没有,个,没有,个,条,银,荣耀,台,,个,没有,个,台,把,条,条,个,条,没有,台,没有,个,道,个,没有,台,架,把,没有,只,个,暗灰色,灰色,条,没有,个,只,块,张,条,把,只,个,个,没有,架,台,架,台,条,只,台,个,个,"颗 ",架,台,个,没有,把,只,把,个,把,只,台,个,只,个,个,台,个,把,座,没有,把,个,顶,个,台,辆,面,个,个,没有,把,没有,个,把,个,台,台,没有,只,个,台,个,把,没有,92590,Unknown,silvermedal_2|laptop_3|axe_2|thermometer_3|harp_2|screwdriver_2|microscope_3|glove_3|camera_3|slingshot_2|stapler_4|egg_4|tie_3|comb_4|garlic_4|desklamp_3|scissors_4|screwnut_4|blackboard_2|mirror_3|paperclip_4|brush_3|fan_3|watch_3|guitar_3|hammer_4|coffeemachine_3|spoon_4|telescope_2|pakchoi_3|draftingcompasses_4|plane_4|cabbage_2|tv_2|printer_4|lighthouse_2|mincer_2|washingmachine_2|bow_4|hat_2|bracelet_3|racket_4|motorcycle_3|iron_4|bicycle_2|pipe_3|popsicle_4|handfan_4|abacus_3|truck_3|nailclippers_2|balance_2|belt_3|sofa_4|torch_2|microwave_2|key_3|toothbrush_4|broom_2|monitor_2|piano_3|triangleruler_4|hairblower_2|woodendoor_2
2019-04-05 21:02:49,2019-04-05 21:21:20,IP Address,*******,100,1110,True,2019-04-05 21:21:20,R_24w4zbMiCuczonn,*******,*******,*******,*******,*******,*******,anonymous,ZH-S,36,男,普通话/国语,普通话/国语,大学本科,中国大陆,个,没有,台,部,把,没有,个,张,只,没有,个,台,把,支,台,没有,台,架,把,没有,颗,没有,台,没有,个,只,只,没有,把,没有,只,个,支,没有,块,没有,台,,个,没有,台,没有,把,没有,支,个,条,没有,台,没有,扇,没有,个,只,台,架,把,个,把,只,台,部,条,没有,个,把,张,没有,个,只,个,没有,把,个,架,没有,辆,架,只,没有,台,没有,个,只,张,架,个,没有,把,没有,把,没有,把,张,台,没有,只,没有,台,没有,个,把,个,只,把,个,顶,个,辆,架,面,块,只,没有,把,没有,张,个,台,支,台,没有,支,没有,台,部,张,没有,85807,Unknown,torch_2|screwdriver_2|mirror_3|pipe_3|hairblower_2|broom_2|draftingcompasses_4|camera_3|sofa_4|slingshot_2|triangleruler_4|cabbage_2|mincer_2|toothbrush_4|nailclippers_2|motorcycle_3|spoon_4|comb_4|handfan_4|screwnut_4|washingmachine_2|abacus_3|coffeemachine_3|hammer_4|microscope_3|iron_4|monitor_2|watch_3|fan_3|brush_3|balance_2|microwave_2|harp_2|truck_3|hat_2|bracelet_3|plane_4|printer_4|lighthouse_2|egg_4|silvermedal_2|popsicle_4|stapler_4|racket_4|scissors_4|pakchoi_3|laptop_3|bow_4|belt_3|desklamp_3|piano_3|glove_3|blackboard_2|garlic_4|tie_3|thermometer_3|paperclip_4|telescope_2|bicycle_2|guitar_3|tv_2|key_3|axe_2|woodendoor_2
2019-04-05 21:28:44,2019-04-05 21:40:10,IP Address,*******,100,685,True,2019-04-05 21:40:11,R_2zeI74VHMWjSqxx,*******,*******,*******,*******,*******,*******,anonymous,ZH-S,23,女,"普通话/国语,其它",普通话/国语,大学专科,中国大陆,个,没有,台,个,把,个,个,没有,个,没有,熨斗,没有,个,把,绞肉机,没有,个,没有,把,个,颗,个,台,个,个,没有,个,没有,把,个,个,没有,把,个,个,没有,台,,个,没有,台,个,把,个,个,没有,条,个,个,没有,扇,没有,个,没有,辆,个,个,没有,个,把,台,个,条,个,个,没有,个,没有,个,把,个,没有,个,没有,架,个,辆,个,个,没有,个,没有,个,没有,台,没有,个,份,把,个,把,没有,个,把,咖啡机,没有,个,条,个,台,个,没有,栋,没有,把,个,顶,个,辆,个,个,没有,个,没有,把,个,个,没有,个,没有,个,台,个,把,个,架,把,个,67423,Unknown,coffeemachine_3|iron_4|mincer_2|balance_2|tie_3|brush_3|laptop_3|stapler_4|scissors_4|hat_2|screwnut_4|broom_2|toothbrush_4|slingshot_2|racket_4|tv_2|hairblower_2|garlic_4|handfan_4|telescope_2|watch_3|key_3|spoon_4|blackboard_2|guitar_3|piano_3|truck_3|fan_3|nailclippers_2|lighthouse_2|comb_4|belt_3|torch_2|motorcycle_3|abacus_3|harp_2|screwdriver_2|thermometer_3|silvermedal_2|pipe_3|bow_4|microwave_2|draftingcompasses_4|sofa_4|mirror_3|printer_4|woodendoor_2|monitor_2|camera_3|glove_3|popsicle_4|axe_2|triangleruler_4|egg_4|bracelet_3|cabbage_2|hammer_4|paperclip_4|microscope_3|bicycle_2|pakchoi_3|washingmachine_2|desklamp_3|plane_4
2019-04-05 21:31:23,2019-04-05 21:41:59,IP Address,*******,100,635,True,2019-04-05 21:42:00,R_10ws4sp44uhXWTW,*******,*******,*******,*******,*******,*******,anonymous,ZH-S,22,女,普通话/国语,普通话/国语,大学本科,中国大陆,颗,个,台,架,把,没有,个,没有,个,副,个,没有,把,个,台,没有,个,没有,把,没有,颗,没有,台,没有,把,没有,副,没有,把,没有,个,没有,把,个,个,没有,台,,头,没有,台,没有,把,没有,根,个,条,没有,台,没有,扇,没有,个,没有,辆,没有,把,没有,个,没有,台,没有,条,没有,个,没有,面,没有,把,个,个,没有,个,没有,架,没有,辆,没有,个,没有,台,没有,个,没有,台,没有,台,没有,把,没有,台,没有,把,没有,台,没有,个,没有,个,台,把,个,座,个,把,没有,顶,个,辆,没有,面,没有,台,个,把,没有,个,没有,把,没有,台,没有,副,没有,台,没有,把,没有,15709,Unknown,fan_3|key_3|plane_4|handfan_4|lighthouse_2|cabbage_2|screwnut_4|microscope_3|desklamp_3|triangleruler_4|printer_4|broom_2|slingshot_2|glove_3|axe_2|comb_4|nailclippers_2|spoon_4|tv_2|guitar_3|washingmachine_2|telescope_2|abacus_3|microwave_2|paperclip_4|hat_2|egg_4|mincer_2|woodendoor_2|pipe_3|watch_3|monitor_2|silvermedal_2|camera_3|sofa_4|blackboard_2|piano_3|iron_4|bicycle_2|hairblower_2|bracelet_3|truck_3|bow_4|thermometer_3|screwdriver_2|harp_2|garlic_4|mirror_3|coffeemachine_3|scissors_4|balance_2|tie_3|motorcycle_3|racket_4|toothbrush_4|draftingcompasses_4|torch_2|pakchoi_3|brush_3|popsicle_4|laptop_3|stapler_4|belt_3|hammer_4
2019-04-05 18:04:48,2019-04-05 18:08:18,IP Address,*******,20,209,False,2019-04-05 22:08:52,R_Zw5IlBWbGts771v,*******,*******,*******,*******,*******,*******,anonymous,ZH-S,25,男,"普通话/国语,湘语",英语,硕士研究生（包括在读）,中国大陆,个,没有,,,,,,,,,,,,,,,,,个,,棵,个,,,,,,,,,,,,,个,只,,,,,,,把,只,,,,,,,,,,,辆,个,,,,,,,,,,,,,,,个,只,,,,,,,只,个,,,,,,,,,,,,,把,个,,,,,,,,,,,,,,,,,,,,,,,只,个,只,个,,,,,,,支,把,13605,,handfan_4|key_3|abacus_3|motorcycle_3|thermometer_3|cabbage_2|hairblower_2|egg_4|silvermedal_2|pakchoi_3|bow_4|broom_2|harp_2|bicycle_2|coffeemachine_3|truck_3|triangleruler_4|toothbrush_4|slingshot_2|hat_2|spoon_4|laptop_3|screwnut_4|glove_3|washingmachine_2|draftingcompasses_4|watch_3|axe_2|comb_4|brush_3|fan_3|tv_2|mincer_2|iron_4|sofa_4|popsicle_4|torch_2|pipe_3|tie_3|microwave_2|monitor_2|racket_4|telescope_2|woodendoor_2|printer_4|belt_3|stapler_4|desklamp_3|guitar_3|hammer_4|bracelet_3|microscope_3|scissors_4|balance_2|mirror_3|piano_3|camera_3|nailclippers_2|plane_4|screwdriver_2|paperclip_4|blackboard_2|lighthouse_2|garlic_4
2019-04-05 23:20:06,2019-04-05 23:33:35,IP Address,*******,100,808,True,2019-04-05 23:33:37,R_1f2THe9jWOEw1cj,*******,*******,*******,*******,*******,*******,anonymous,ZH-S,26,女,普通话/国语,普通话/国语,博士研究生（包括在读）,海外,棵,个,台,没有,把,个,个,没有,个,没有,个,没有,个红,支,台,个,个,没有,把,没有,棵,没有,台,没有,把,个,副,只,架,没有,个,没有,把,个,枚,个,台,,头,没有,台,没有,把,没有,根,个,个,条,台,没有,扇,道,个,没有,辆,没有,把,个,个,没有,台,往往会省略量词，直接用俩仨之类,条,个,个,没有,块,个,把,个,个,颗,个,把,架,没有,辆,没有,个,没有,台,没有,个,没有,架,没有,台,没有,把,个,架,个,把,个,台,没有,块,没有,个,没有,个,没有,座,没有,把,个,顶,直接说俩帽子,辆,没有,面,个,盏,个,把,个,个,没有,个,没有,台,没有,个,没有,台,没有,张,把,45158,Unknown,screwdriver_2|fan_3|hat_2|blackboard_2|tie_3|comb_4|harp_2|telescope_2|glove_3|triangleruler_4|nailclippers_2|toothbrush_4|silvermedal_2|broom_2|garlic_4|egg_4|tv_2|brush_3|woodendoor_2|microscope_3|balance_2|pipe_3|hammer_4|lighthouse_2|laptop_3|camera_3|screwnut_4|thermometer_3|spoon_4|guitar_3|washingmachine_2|torch_2|popsicle_4|racket_4|pakchoi_3|hairblower_2|draftingcompasses_4|abacus_3|piano_3|truck_3|axe_2|bicycle_2|iron_4|desklamp_3|watch_3|bow_4|scissors_4|microwave_2|key_3|slingshot_2|paperclip_4|belt_3|sofa_4|stapler_4|mincer_2|mirror_3|printer_4|bracelet_3|plane_4|cabbage_2|handfan_4|monitor_2|coffeemachine_3|motorcycle_3
2019-04-06 00:15:40,2019-04-06 00:32:29,IP Address,*******,100,1008,True,2019-04-06 00:32:31,R_3rHRotBcVGINmbC,*******,*******,*******,*******,*******,*******,anonymous,ZH-S,40,女,其它,其它,高中/职高/中专,中国大陆,棵,个,台,个,把,个,个,台,根,个,个,把,把,个,台,架,个,台,把,条,棵,窝,台,个,把,个,个,双,把,支,根,个,把,支,块,支,台,,个,棵,台,个,把,个,支,根,条,根,台,个,闪,个,个,支,架,辆,把,根,支,个,台,个,根,条,个,把,块,个,个,把,个,枚,支,个,架,辆,辆,个,支,个,台,架,个,颗,台,个,架,个,个,把,把,个,把,个,个,台,根,支,台,个,把,个,个,座,把,个,顶,个,辆,台,个,面,个,台,理发,把,把,个,把,个,个,台,支,根,个,台,把,支,45080,Unknown,scissors_4|iron_4|glove_3|draftingcompasses_4|hairblower_2|printer_4|toothbrush_4|axe_2|broom_2|tie_3|microwave_2|popsicle_4|key_3|hat_2|bicycle_2|abacus_3|microscope_3|monitor_2|paperclip_4|sofa_4|thermometer_3|garlic_4|laptop_3|pakchoi_3|tv_2|hammer_4|truck_3|coffeemachine_3|slingshot_2|torch_2|triangleruler_4|screwdriver_2|egg_4|belt_3|watch_3|piano_3|woodendoor_2|comb_4|telescope_2|brush_3|guitar_3|desklamp_3|plane_4|spoon_4|stapler_4|lighthouse_2|harp_2|pipe_3|screwnut_4|washingmachine_2|racket_4|blackboard_2|mirror_3|cabbage_2|mincer_2|motorcycle_3|bracelet_3|balance_2|camera_3|silvermedal_2|nailclippers_2|handfan_4|fan_3|bow_4
2019-04-06 00:00:42,2019-04-06 00:44:37,IP Address,*******,100,2634,True,2019-04-06 00:44:37,R_2Ea8G5N63l9Eu24,*******,*******,*******,*******,*******,*******,anonymous,ZH-S,39,女,"普通话/国语,粤语",普通话/国语,大学本科,中国大陆,棵,头,架,部,把,没有,张,没有,只,块,部,没有,支,个,台,没有,个,只,把,没有,棵,条,部,台,把,没有,只,个,把,没有,支,个,把,支,块,枚,把,,颗,个,台,部,条,把,条,个,条,没有,台,座,扇,道,个,只,辆,部,把,支,支,只,部,台,条,没有,只,个,块,面,把,条,颗,个,把,个,架,台,部,辆,支,没有,部,台,个,粒,架,台,把,没有,把,只,架,把,把,没有,台,部,只,块,部,台,把,没有,座,个,把,没有,顶,个,辆,部,个,块,个,把,把,没有,把,个,部,把,台,部,支,个,个,部,把,没有,19731,Unknown,scissors_4|piano_3|tv_2|slingshot_2|guitar_3|watch_3|broom_2|woodendoor_2|triangleruler_4|screwdriver_2|abacus_3|screwnut_4|plane_4|racket_4|torch_2|microscope_3|hat_2|bracelet_3|coffeemachine_3|camera_3|monitor_2|laptop_3|motorcycle_3|handfan_4|truck_3|bicycle_2|belt_3|draftingcompasses_4|spoon_4|washingmachine_2|harp_2|nailclippers_2|axe_2|brush_3|desklamp_3|fan_3|thermometer_3|cabbage_2|pakchoi_3|hammer_4|bow_4|popsicle_4|egg_4|telescope_2|key_3|lighthouse_2|glove_3|printer_4|mincer_2|comb_4|tie_3|paperclip_4|balance_2|mirror_3|iron_4|sofa_4|blackboard_2|stapler_4|silvermedal_2|hairblower_2|microwave_2|pipe_3|toothbrush_4|garlic_4
2019-04-06 00:24:05,2019-04-06 01:19:52,IP Address,*******,100,3346,True,2019-04-06 01:19:53,R_1dlXD6GjaS2a9Sg,*******,*******,*******,*******,*******,*******,anonymous,ZH-S,21,女,普通话/国语,普通话/国语,大学本科,中国大陆,颗,个,架,个,把,把,个,没有,把,个,个,个,把,个,个,没有,个,没有,把,个,颗,个,台,个,把,个,个,没有,把,个,个,个,把,个,个,没有,个,没有,颗,个,台,个,把,个,个,没有,条,个,台,个,扇,个,根,个,辆,个,把,个,把,个,台,个,条,跟,个,把,个,没有,把,个,颗,个,把,个,架,个,辆,个,个,没有,台,没有,个,个,架,个,座,把,把,个,把,个,把,把,个,没有,个,没有,个,样,把,个,座,座,把,个,顶,个,辆,个,个,没有,个,没有,个,把,把,个,把,个,台,个,个,把,个,没有,把,个,61359,Unknown,nailclippers_2|guitar_3|belt_3|hammer_4|pakchoi_3|microwave_2|racket_4|triangleruler_4|camera_3|draftingcompasses_4|hat_2|iron_4|tv_2|bicycle_2|watch_3|tie_3|piano_3|printer_4|bracelet_3|torch_2|paperclip_4|lighthouse_2|pipe_3|bow_4|silvermedal_2|handfan_4|scissors_4|balance_2|thermometer_3|broom_2|cabbage_2|monitor_2|truck_3|screwnut_4|plane_4|woodendoor_2|coffeemachine_3|stapler_4|blackboard_2|fan_3|slingshot_2|garlic_4|axe_2|comb_4|toothbrush_4|hairblower_2|spoon_4|mincer_2|sofa_4|abacus_3|laptop_3|brush_3|key_3|screwdriver_2|popsicle_4|harp_2|egg_4|glove_3|motorcycle_3|microscope_3|mirror_3|washingmachine_2|telescope_2|desklamp_3
2019-04-05 21:28:22,2019-04-05 21:30:47,IP Address,*******,3,145,False,2019-04-06 01:30:59,R_1LwLUn3DbCg5OSb,*******,*******,*******,*******,*******,*******,anonymous,ZH-S,22,女,普通话/国语,普通话/国语,大学本科,中国大陆,,,,,,,,,,,,,,,,,,,,,,,,,,,,,,,,,,,,,,,,,,,,,,,,,,,,,,,,,,,,,,,,,,,,,,,,,,,,,,,,,,,,,,,,,,,,,,,,,,,,,,,,,,,,,,,,,,,,,,,,,,,,,,,,,42440,,toothbrush_4|laptop_3|garlic_4|pipe_3|woodendoor_2|slingshot_2|tie_3|fan_3|piano_3|screwdriver_2|mincer_2|microwave_2|monitor_2|racket_4|screwnut_4|coffeemachine_3|truck_3|desklamp_3|brush_3|handfan_4|abacus_3|motorcycle_3|mirror_3|hammer_4|balance_2|silvermedal_2|camera_3|glove_3|comb_4|microscope_3|axe_2|blackboard_2|washingmachine_2|bracelet_3|telescope_2|sofa_4|thermometer_3|pakchoi_3|printer_4|belt_3|nailclippers_2|plane_4|triangleruler_4|watch_3|torch_2|guitar_3|egg_4|bicycle_2|cabbage_2|tv_2|spoon_4|bow_4|broom_2|harp_2|hairblower_2|scissors_4|lighthouse_2|hat_2|paperclip_4|draftingcompasses_4|key_3|stapler_4|popsicle_4|iron_4
2019-04-06 01:46:01,2019-04-06 02:03:45,IP Address,*******,100,1064,True,2019-04-06 02:03:46,R_21EAOVfG93mMS6H,*******,*******,*******,*******,*******,*******,anonymous,ZH-S,23,男,普通话/国语,普通话/国语,大学本科,中国大陆,棵,没有,台,没有,把,没有,台,没有,个,没有,台,没有,个,没有,台,没有,个,没有,把,没有,棵,没有,台,没有,把,没有,只,没有,把,没有,个,没有,支,没有,块,没有,台,,头,个,台,没有,把,没有,支,没有,条,没有,台,没有,扇,没有,个,没有,辆,台,个,没有,把,支,台,没有,条,没有,个,没有,块,没有,把,没有,个,枚,把,副,架,没有,辆,没有,支,没有,台,没有,个,没有,架,台,台,没有,把,没有,把,没有,把,没有,台,没有,块,个,台,没有,支,没有,座,没有,把,没有,只,没有,辆,台,面,没有,个,没有,把,没有,个,没有,台,没有,台,没有,支,没有,台,没有,张,把,89615,Unknown,toothbrush_4|racket_4|lighthouse_2|handfan_4|paperclip_4|axe_2|abacus_3|screwdriver_2|iron_4|bracelet_3|camera_3|hairblower_2|microscope_3|pakchoi_3|tv_2|mirror_3|screwnut_4|fan_3|belt_3|guitar_3|truck_3|plane_4|hat_2|triangleruler_4|monitor_2|nailclippers_2|key_3|pipe_3|hammer_4|blackboard_2|balance_2|motorcycle_3|washingmachine_2|glove_3|piano_3|scissors_4|thermometer_3|spoon_4|slingshot_2|telescope_2|stapler_4|laptop_3|cabbage_2|woodendoor_2|broom_2|torch_2|comb_4|popsicle_4|bicycle_2|watch_3|egg_4|desklamp_3|microwave_2|bow_4|mincer_2|brush_3|silvermedal_2|printer_4|sofa_4|harp_2|draftingcompasses_4|coffeemachine_3|tie_3|garlic_4
2019-04-06 02:14:27,2019-04-06 02:27:29,IP Address,*******,100,781,True,2019-04-06 02:27:30,R_3lFVwuokDmi52q4,*******,*******,*******,*******,*******,*******,anonymous,ZH-S,28,男,普通话/国语,普通话/国语,硕士研究生（包括在读）,中国大陆,颗,个,台,个,把,没有,台,没有,副,个,台,没有,把,个,台,个,个,没有,把,没有,颗,个,台,没有,把,没有,副,没有,把,没有,把,没有,把,没有,枚,块,台,,头,没有,台,个,把,没有,个,没有,条,没有,台,个,扇,没有,枚,个,辆,没有,把,个,个,没有,台,没有,条,没有,个,把,个,没有,把,个,枚,个,把,没有,架,没有,俩,没有,个,没有,台,没有,枚,颗,架,台,座,没有,把,没有,台,没有,把,没有,台,个,块,没有,台,没有,把,没有,座,没有,把,个,顶,没有,俩,没有,面,个,座,没有,把,没有,把,没有,把,个,台,个,副,没有,台,没有,把,没有,22335,Unknown,egg_4|coffeemachine_3|pakchoi_3|key_3|guitar_3|lighthouse_2|pipe_3|glove_3|hat_2|woodendoor_2|desklamp_3|washingmachine_2|axe_2|balance_2|plane_4|fan_3|draftingcompasses_4|laptop_3|sofa_4|scissors_4|bow_4|brush_3|broom_2|nailclippers_2|blackboard_2|popsicle_4|slingshot_2|camera_3|handfan_4|bicycle_2|tie_3|truck_3|tv_2|triangleruler_4|microwave_2|garlic_4|silvermedal_2|screwnut_4|microscope_3|telescope_2|thermometer_3|printer_4|iron_4|harp_2|stapler_4|racket_4|toothbrush_4|watch_3|motorcycle_3|abacus_3|paperclip_4|hairblower_2|cabbage_2|mincer_2|monitor_2|torch_2|mirror_3|belt_3|piano_3|bracelet_3|hammer_4|spoon_4|screwdriver_2|comb_4
2019-04-06 02:09:21,2019-04-06 02:30:19,IP Address,*******,100,1257,True,2019-04-06 02:30:19,R_2UXVdFjk4wYiEYg,*******,*******,*******,*******,*******,*******,anonymous,ZH-S,33,男,普通话/国语,普通话/国语,硕士研究生（包括在读）,中国大陆,颗,没有,台,没有,把,没有,只,没有,只,没有,只,没有,把,没有,台,没有,台,没有,条,把,颗,没有,台,没有,只,没有,只,没有,把,没有,只,没有,把,没有,块,没有,台,,颗,没有,台,没有,把,没有,只,没有,条,没有,台,没有,扇,没有,颗,没有,辆,架,把,没有,只,没有,台,没有,条,没有,只,没有,块,没有,只,没有,颗,只,把,没有,架,没有,辆,没有,只,没有,台,没有,颗,没有,台,架,台,没有,把,没有,把,没有,把,没有,台,没有,只,块,台,没有,只,没有,盏,没有,把,没有,顶,没有,辆,没有,把,没有,盏,没有,把,没有,把,没有,只,没有,台,没有,只,没有,台,没有,只,把,33078,Unknown,motorcycle_3|scissors_4|piano_3|blackboard_2|glove_3|plane_4|mirror_3|fan_3|hat_2|egg_4|pipe_3|monitor_2|iron_4|guitar_3|laptop_3|bicycle_2|draftingcompasses_4|broom_2|tie_3|bow_4|camera_3|screwnut_4|harp_2|hairblower_2|cabbage_2|coffeemachine_3|silvermedal_2|desklamp_3|stapler_4|watch_3|mincer_2|racket_4|triangleruler_4|pakchoi_3|bracelet_3|balance_2|abacus_3|woodendoor_2|screwdriver_2|hammer_4|slingshot_2|toothbrush_4|lighthouse_2|thermometer_3|washingmachine_2|truck_3|microwave_2|belt_3|spoon_4|brush_3|nailclippers_2|sofa_4|garlic_4|tv_2|torch_2|axe_2|microscope_3|telescope_2|paperclip_4|comb_4|popsicle_4|handfan_4|printer_4|key_3
2019-04-06 02:19:16,2019-04-06 02:55:22,IP Address,*******,100,2166,True,2019-04-06 02:55:23,R_3phESFPG52BJ9vR,*******,*******,*******,*******,*******,*******,anonymous,ZH-S,41,男,闽语（包括潮汕话）,闽语（包括潮汕话）,大学本科,中国大陆,个,没有,台,只,把,条,只,没有,只,个,台,个,条,根,台,个,台,只,把,根,根,条,台,没有,个,把,只,没有,把,没有,支,把,根,把,枚,没有,台,,个,没有,台,没有,条,支,根,条,条,根,台,只,扇,个,只,个,辆,没有,把,根,支,把,台,没有,条,根,把,支,个,板,把,条,个,枚,把,根,只,没有,辆,没有,根,没有,台,个,个,只,台,没有,台,座,把,支,把,没有,把,支,台,个,个,只,台,个,支,没有,座,个,把,支,个,没有,辆,没有,面,个,座,台,支,把,个,没有,个,只,台,没有,把,支,台,没有,把,没有,31353,Unknown,mirror_3|pipe_3|brush_3|cabbage_2|spoon_4|hammer_4|handfan_4|pakchoi_3|torch_2|comb_4|screwdriver_2|mincer_2|iron_4|watch_3|popsicle_4|nailclippers_2|telescope_2|paperclip_4|blackboard_2|triangleruler_4|tie_3|bracelet_3|microscope_3|garlic_4|screwnut_4|coffeemachine_3|lighthouse_2|laptop_3|balance_2|hairblower_2|printer_4|guitar_3|washingmachine_2|silvermedal_2|camera_3|thermometer_3|broom_2|bow_4|truck_3|monitor_2|fan_3|bicycle_2|woodendoor_2|piano_3|egg_4|draftingcompasses_4|racket_4|key_3|slingshot_2|hat_2|plane_4|abacus_3|belt_3|motorcycle_3|tv_2|axe_2|stapler_4|desklamp_3|sofa_4|microwave_2|harp_2|scissors_4|toothbrush_4|glove_3
2019-04-06 03:16:46,2019-04-06 03:27:51,IP Address,*******,100,665,True,2019-04-06 03:27:52,R_RlFssWyP4OlewYV,*******,*******,*******,*******,*******,*******,anonymous,ZH-S,35,女,普通话/国语,普通话/国语,硕士研究生（包括在读）,海外,个,把,台,个,"个 ",把,个,没有,个,没有,个,没有,个,没有,台,个,台,个,把,个,个,把,个,台,个,没有,只,个,把,个,个,没有,把,个,枚,个,台,,个,没有,台,个,把,个,个,没有,个,没有,台,个,扇,个,枚,个,辆,个,把,个,个,把,台,个,个,没有,个,把,块,个,把,个,个,没有,个,把,架,个,台,个,个,没有,台,个,个,没有,架,台,个,没有,把,个,台,没有,把,个,台,个,个,没有,台,个,个,，没有,个,没有,把,个,个,盏,辆,个,个,面,盏,个,把,没有,个,没有,个,台,台,没有,个,把,个,没有,把,没有,92822,Unknown,printer_4|piano_3|torch_2|harp_2|racket_4|iron_4|bow_4|microwave_2|hairblower_2|watch_3|cabbage_2|broom_2|pakchoi_3|popsicle_4|hat_2|slingshot_2|brush_3|silvermedal_2|desklamp_3|axe_2|tv_2|camera_3|garlic_4|nailclippers_2|mirror_3|woodendoor_2|lighthouse_2|thermometer_3|microscope_3|key_3|hammer_4|coffeemachine_3|guitar_3|mincer_2|fan_3|laptop_3|truck_3|egg_4|bicycle_2|glove_3|paperclip_4|tie_3|screwnut_4|plane_4|triangleruler_4|handfan_4|comb_4|balance_2|draftingcompasses_4|blackboard_2|spoon_4|belt_3|motorcycle_3|sofa_4|washingmachine_2|bracelet_3|telescope_2|pipe_3|screwdriver_2|monitor_2|toothbrush_4|abacus_3|scissors_4|stapler_4
2019-04-06 03:16:31,2019-04-06 03:28:48,IP Address,*******,100,736,True,2019-04-06 03:28:49,R_3nki3SRYBsG9WxM,*******,*******,*******,*******,*******,*******,anonymous,ZH-S,30,男,普通话/国语,普通话/国语,大学本科,中国大陆,颗,个,个,没有,把,个,张,个,个,没有,个,没有,个,把,个,台,个,把,把,个,个,颗,台,个,把,个,个,没有,把,没有,个,没有,把,没有,个,没有,个,没有,个,没有,台,没有,把,个,个,没有,个,没有,个,没有,扇,没有,个,没有,辆,个,把,没有,个,没有,台,没有,个,没有,把,没有,个,没有,把,没有,个,粒,把,没有,个,没有,台,个,个,没有,台,没有,个,没有,个,没有,个,没有,个,没有,个,没有,把,个,个,台,个,没有,台,个,个,没有,座,没有,把,个,个,没有,辆,个,个,没有,盏,没有,把,支,个,没有,个,没有,个,台,把,个,台,个,把,个,95995,Unknown,egg_4|scissors_4|broom_2|lighthouse_2|balance_2|key_3|pipe_3|bicycle_2|guitar_3|draftingcompasses_4|coffeemachine_3|mirror_3|bracelet_3|screwnut_4|bow_4|tv_2|axe_2|stapler_4|cabbage_2|printer_4|motorcycle_3|blackboard_2|camera_3|hairblower_2|thermometer_3|screwdriver_2|triangleruler_4|nailclippers_2|mincer_2|woodendoor_2|racket_4|sofa_4|comb_4|hat_2|paperclip_4|fan_3|watch_3|monitor_2|brush_3|piano_3|plane_4|telescope_2|toothbrush_4|spoon_4|hammer_4|abacus_3|truck_3|handfan_4|iron_4|torch_2|pakchoi_3|desklamp_3|microscope_3|harp_2|slingshot_2|glove_3|garlic_4|washingmachine_2|tie_3|laptop_3|silvermedal_2|popsicle_4|belt_3|microwave_2
2019-04-06 03:35:18,2019-04-06 03:45:31,IP Address,*******,100,613,True,2019-04-06 03:45:32,R_2Yly6yjS0ynJCqU,*******,*******,*******,*******,*******,*******,anonymous,ZH-S,25,男,普通话/国语,普通话/国语,大学本科,中国大陆,颗,个,个,没有,把,个,张,把,把,个,把,个,把,个,个,没有,个,把,把,个,颗,没有,台,没有,把,个,支,没有,把,个,个,没有,把,支,块,没有,台,,个,颗,台,个,把,没有,个,没有,个,没有,台,个,扇,没有,个,没有,辆,个,把,个,把,个,台,没有,个,没有,个,把,张,个,把,个,颗,个,张,把,个,没有,个,辆,个,把,台,没有,个,没有,台,没有,个,没有,把,没有,个,没有,把,个,个,没有,块,没有,台,没有,把,个,个,没有,把,没有,个,没有,辆,没有,个,没有,盏,没有,把,个,个,没有,台,没有,台,个,把,个,台,个,把,没有,81178,Unknown,coffeemachine_3|mirror_3|lighthouse_2|handfan_4|telescope_2|abacus_3|sofa_4|monitor_2|triangleruler_4|torch_2|blackboard_2|spoon_4|scissors_4|slingshot_2|broom_2|nailclippers_2|fan_3|garlic_4|thermometer_3|balance_2|guitar_3|bow_4|bracelet_3|tv_2|camera_3|hammer_4|truck_3|bicycle_2|toothbrush_4|comb_4|belt_3|microscope_3|racket_4|motorcycle_3|draftingcompasses_4|piano_3|mincer_2|stapler_4|laptop_3|egg_4|watch_3|paperclip_4|desklamp_3|brush_3|harp_2|tie_3|iron_4|woodendoor_2|pipe_3|cabbage_2|axe_2|printer_4|popsicle_4|glove_3|screwdriver_2|pakchoi_3|washingmachine_2|hat_2|screwnut_4|key_3|silvermedal_2|plane_4|hairblower_2|microwave_2
2019-04-06 06:04:09,2019-04-06 06:24:24,IP Address,*******,100,1214,True,2019-04-06 06:24:25,R_1qfzwaOkSup10gM,*******,*******,*******,*******,*******,*******,anonymous,ZH-S,27,男,粤语,粤语,硕士研究生（包括在读）,中国大陆,个,没有,台,个,把,没有,个,没有,只,个,个,没有,把,没有,台,部,台,个,把,没有,棵,没有,台,部,把,没有,个,没有,个,没有,只,个,支,个,块,没有,台,,个,只,台,个,把,没有,支,没有,条,没有,台,个,个,没有,个,没有,辆,没有,个,把,个,没有,台,部,条,没有,个,只,块,没有,个,只,只,个,个,没有,架,没有,辆,部,个,没有,台,部,个,没有,台,部,个,没有,把,个,把,个,把,没有,部,个,块,没有,台,部,个,没有,座,没有,把,只,个,没有,辆,没有,个,块,盏,个,把,没有,个,只,个,没有,个,没有,个,没有,部,个,把,没有,53815,Unknown,handfan_4|scissors_4|watch_3|harp_2|sofa_4|iron_4|axe_2|spoon_4|bracelet_3|printer_4|desklamp_3|camera_3|pipe_3|torch_2|truck_3|nailclippers_2|toothbrush_4|comb_4|tie_3|bicycle_2|abacus_3|triangleruler_4|paperclip_4|coffeemachine_3|motorcycle_3|draftingcompasses_4|hammer_4|bow_4|key_3|blackboard_2|plane_4|screwdriver_2|mincer_2|tv_2|washingmachine_2|broom_2|thermometer_3|racket_4|microwave_2|monitor_2|brush_3|mirror_3|screwnut_4|silvermedal_2|fan_3|glove_3|laptop_3|hairblower_2|woodendoor_2|balance_2|guitar_3|slingshot_2|telescope_2|belt_3|hat_2|microscope_3|garlic_4|popsicle_4|piano_3|pakchoi_3|cabbage_2|stapler_4|egg_4|lighthouse_2
2019-04-06 06:20:13,2019-04-06 06:33:48,IP Address,*******,100,815,True,2019-04-06 06:33:49,R_2t4q8Hq5drS7Vp7,*******,*******,*******,*******,*******,*******,anonymous,ZH-S,31,男,普通话/国语,普通话/国语,,中国大陆,个,棵,架,台,把,个,个,没有,只,个,台,个,把,个,台,个,把,个,把,个,棵,没有,台,个,把,个,只,副,把,个,支,把,把,只,块,个,台,,个,没有,台,个,把,个,支,个,条,没有,台,个,扇,个,只,个,台,量,把,个,把,个,台,个,条,个,把,个,个,没有,把,个,个,没有,个,把,架,个,量,台,支,个,台,个,个,没有,台,架,台,个,把,只,把,个,把,个,台,个,只,个,台,个,支,个,座,个,把,个,顶,个,量,台,面,个,盏,个,把,个,个,没有,台,个,台,个,个,支,台,个,把,只,90391,Unknown,hairblower_2|screwnut_4|cabbage_2|triangleruler_4|motorcycle_3|lighthouse_2|desklamp_3|fan_3|spoon_4|telescope_2|truck_3|belt_3|pakchoi_3|draftingcompasses_4|stapler_4|garlic_4|popsicle_4|glove_3|scissors_4|slingshot_2|balance_2|hammer_4|key_3|broom_2|laptop_3|toothbrush_4|abacus_3|watch_3|brush_3|printer_4|coffeemachine_3|iron_4|paperclip_4|guitar_3|mincer_2|bracelet_3|woodendoor_2|plane_4|tv_2|egg_4|tie_3|microscope_3|screwdriver_2|harp_2|blackboard_2|monitor_2|bow_4|comb_4|silvermedal_2|thermometer_3|microwave_2|pipe_3|racket_4|axe_2|piano_3|washingmachine_2|mirror_3|sofa_4|camera_3|nailclippers_2|bicycle_2|torch_2|hat_2|handfan_4
2019-04-06 06:18:50,2019-04-06 06:42:25,IP Address,*******,100,1415,True,2019-04-06 06:42:26,R_2TSs5K65P7he6HV,*******,*******,*******,*******,*******,*******,anonymous,ZH-S,29,女,普通话/国语,普通话/国语,大学本科,中国大陆,棵,没有,架,台,把,没有,个,套,只,对,个,台,个,没有,台,没有,个,台,把,个,颗,没有,台,个,把,个,只,双,把,没有,只,根,个,把,枚,块,个,台,头,颗,台,没有,把,个,个,块,根,条,台,没有,扇,道,个,枚,辆,台,把,没有,把,个,台,个,条,根,个,没有,个,块,把,个,颗,个,把,副,架,没有,辆,个,个,没有,台,没有,个,没有,架,没有,个,架,把,个,架,个,把,对,台,个,块,只,台,个,个,没有,座,没有,把,个,顶,没有,台,辆,张,块,个,盏,把,没有,个,把,个,没有,台,没有,支,对,台,架,把,张,97984,Unknown,telescope_2|hat_2|key_3|camera_3|truck_3|woodendoor_2|watch_3|mincer_2|triangleruler_4|stapler_4|slingshot_2|glove_3|laptop_3|blackboard_2|coffeemachine_3|broom_2|spoon_4|nailclippers_2|abacus_3|pakchoi_3|bicycle_2|paperclip_4|guitar_3|thermometer_3|torch_2|handfan_4|hairblower_2|sofa_4|bow_4|iron_4|fan_3|popsicle_4|comb_4|mirror_3|lighthouse_2|tv_2|pipe_3|plane_4|harp_2|balance_2|racket_4|desklamp_3|cabbage_2|microwave_2|axe_2|printer_4|draftingcompasses_4|egg_4|hammer_4|bracelet_3|garlic_4|washingmachine_2|motorcycle_3|piano_3|scissors_4|microscope_3|screwdriver_2|belt_3|toothbrush_4|monitor_2|silvermedal_2|brush_3|screwnut_4|tie_3
2019-04-06 07:05:30,2019-04-06 07:18:54,IP Address,*******,100,803,True,2019-04-06 07:18:54,R_3qyfODVpo3eaOvj,*******,*******,*******,*******,*******,*******,anonymous,ZH-S,20,女,"普通话/国语,其它",普通话/国语,大学专科,中国大陆,颗,个,台,没有,把,个,个,没有,只,个,只,个,把,没有,台,个,把,个,把,没有,颗,没有,台,没有,把,没有,副,只,把,没有,只,个,支,个,块,个,台,,颗,个,台,没有,把,只,块,个,条,个,台,个,扇,没有,个,没有,辆,台,把,个,只,个,台,没有,条,没有,个,没有,块,没有,只,个,只,个,个,没有,架,座,辆,台,支,个,台,没有,个,没有,架,台,台,没有,个,没有,把,没有,把,没有,台,个,只,个,台,没有,把,个,座,没有,把,没有,顶,个,辆,台,面,个,个,没有,把,没有,个,无,台,个,台,没有,副,把,台,没有,把,没有,93903,Unknown,slingshot_2|fan_3|glove_3|microscope_3|nailclippers_2|desklamp_3|bracelet_3|cabbage_2|telescope_2|watch_3|scissors_4|toothbrush_4|piano_3|microwave_2|handfan_4|pipe_3|hammer_4|truck_3|hat_2|egg_4|balance_2|bicycle_2|screwnut_4|key_3|thermometer_3|sofa_4|broom_2|triangleruler_4|monitor_2|abacus_3|tv_2|motorcycle_3|lighthouse_2|silvermedal_2|mirror_3|guitar_3|plane_4|popsicle_4|harp_2|draftingcompasses_4|coffeemachine_3|iron_4|mincer_2|laptop_3|torch_2|spoon_4|stapler_4|garlic_4|axe_2|tie_3|racket_4|woodendoor_2|comb_4|blackboard_2|camera_3|pakchoi_3|paperclip_4|hairblower_2|belt_3|printer_4|bow_4|screwdriver_2|brush_3|washingmachine_2
2019-04-06 07:55:01,2019-04-06 08:23:46,IP Address,*******,100,1724,True,2019-04-06 08:23:47,R_1n0iceViZpMecyQ,*******,*******,*******,*******,*******,*******,anonymous,ZH-S,30,男,"普通话/国语,粤语",粤语,硕士研究生（包括在读）,中国大陆,棵,个,个,没有,把,柄,张,没有,只,只,个,没有,把,把,台,个,个,台,把,个,棵,没有,台,没有,把,没有,只,个,把,个,个,没有,只,个,个,枚,台,,个,没有,台,个,条,没有,支,个,条,没有,台,没有,扇,没有,个,没有,架,台,把,没有,个,没有,台,部,条,没有,个,没有,个,没有,个,没有,只,个,把,个,架,没有,辆,部,个,没有,台,部,个,个,台,个,个,架,把,个,把,个,把,没有,台,个,只,个,个,台,个,没有,个,没有,把,个,顶,没有,辆,没有,个,没有,盏,个,把,张,个,张,个,台,台,没有,把,个,个,部,把,张,30167,Unknown,nailclippers_2|stapler_4|sofa_4|monitor_2|handfan_4|blackboard_2|belt_3|watch_3|hairblower_2|bow_4|hat_2|plane_4|screwdriver_2|laptop_3|piano_3|glove_3|torch_2|microwave_2|egg_4|pipe_3|woodendoor_2|desklamp_3|balance_2|comb_4|toothbrush_4|tv_2|camera_3|harp_2|axe_2|screwnut_4|printer_4|microscope_3|abacus_3|truck_3|silvermedal_2|motorcycle_3|washingmachine_2|scissors_4|tie_3|fan_3|broom_2|key_3|telescope_2|brush_3|paperclip_4|iron_4|spoon_4|racket_4|thermometer_3|pakchoi_3|popsicle_4|bicycle_2|bracelet_3|coffeemachine_3|triangleruler_4|garlic_4|cabbage_2|mirror_3|slingshot_2|lighthouse_2|mincer_2|guitar_3|hammer_4|draftingcompasses_4
2019-04-06 10:19:23,2019-04-06 10:33:49,IP Address,*******,100,866,True,2019-04-06 10:33:50,R_2rD9S1gGbNuLggn,*******,*******,*******,*******,*******,*******,anonymous,ZH-S,26,男,闽语（包括潮汕话）,普通话/国语,高中/职高/中专,中国大陆,颗,个,架,台,把,根,张,个,个,件,把,个,把,根,个,架,个,没有,把,个,颗,没有,台,个,把,没有,件,个,把,个,根,把,根,把,枚,面,台,,颗,头,台,个,把,条,根,个,根,条,台,个,扇,片,枚,个,辆,架,把,个,把,条,台,个,根,条,把,个,面,没有,把,根,颗,个,个,把,架,没有,辆,架,根,条,台,个,颗,个,台,架,架,没有,把,没有,台,把,把,面,台,没有,个,没有,台,个,把,没有,台,架,把,根,顶,个,辆,台,面,片,根,个,把,支,个,架,把,个,台,架,把,支,台,个,把,没有,10234,Unknown,microscope_3|scissors_4|motorcycle_3|coffeemachine_3|woodendoor_2|fan_3|triangleruler_4|truck_3|iron_4|bracelet_3|sofa_4|slingshot_2|nailclippers_2|watch_3|plane_4|printer_4|guitar_3|monitor_2|belt_3|key_3|hammer_4|mirror_3|popsicle_4|harp_2|balance_2|pakchoi_3|piano_3|egg_4|silvermedal_2|desklamp_3|tv_2|microwave_2|tie_3|axe_2|washingmachine_2|brush_3|screwdriver_2|paperclip_4|hairblower_2|torch_2|comb_4|racket_4|mincer_2|hat_2|broom_2|stapler_4|spoon_4|lighthouse_2|blackboard_2|draftingcompasses_4|toothbrush_4|glove_3|garlic_4|camera_3|cabbage_2|thermometer_3|handfan_4|telescope_2|bow_4|screwnut_4|abacus_3|laptop_3|bicycle_2|pipe_3
2019-04-06 10:18:51,2019-04-06 10:19:06,IP Address,*******,0,15,False,2019-04-06 14:19:07,R_3ims7NOJ9MhnlK2,*******,*******,*******,*******,*******,*******,anonymous,ZH-S,,,,,,,,,,,,,,,,,,,,,,,,,,,,,,,,,,,,,,,,,,,,,,,,,,,,,,,,,,,,,,,,,,,,,,,,,,,,,,,,,,,,,,,,,,,,,,,,,,,,,,,,,,,,,,,,,,,,,,,,,,,,,,,,,,,,,,,12411,,
2019-04-06 14:57:56,2019-04-06 15:10:06,IP Address,*******,100,729,True,2019-04-06 15:10:07,R_1NxETUcineI4sSr,*******,*******,*******,*******,*******,*******,anonymous,ZH-S,26,女,普通话/国语,普通话/国语,硕士研究生（包括在读）,海外,棵,没有,架,没有,把,没有,个,没有,个,只,把,没有,把,只,台,没有,把,没有,把,没有,棵,没有,台,没有,把,没有,副,只,架,没有,只,没有,把,没有,枚,没有,台,,头,没有,台,没有,把,个,只,没有,条,个,台,没有,扇,个,只,个,辆,没有,把,没有,把,没有,台,没有,个,没有,个,没有,架,没有,把,个,只,枚,个,没有,架,没有,辆,没有,台,没有,台,没有,个,没有,架,台,架,没有,把,没有,架,没有,把,没有,台,没有,个,没有,台,没有,只,没有,个,没有,把,个,顶,没有,辆,没有,个,没有,个,没有,把,没有,个,没有,个,没有,台,没有,支,没有,台,架,把,没有,53184,Unknown,plane_4|glove_3|bracelet_3|camera_3|key_3|tie_3|monitor_2|thermometer_3|watch_3|broom_2|desklamp_3|screwdriver_2|screwnut_4|slingshot_2|harp_2|woodendoor_2|tv_2|piano_3|comb_4|microwave_2|sofa_4|pakchoi_3|draftingcompasses_4|handfan_4|mincer_2|coffeemachine_3|washingmachine_2|brush_3|balance_2|bow_4|toothbrush_4|guitar_3|abacus_3|truck_3|axe_2|garlic_4|blackboard_2|bicycle_2|telescope_2|silvermedal_2|racket_4|nailclippers_2|belt_3|microscope_3|printer_4|motorcycle_3|scissors_4|egg_4|laptop_3|torch_2|hat_2|hammer_4|fan_3|hairblower_2|pipe_3|lighthouse_2|mirror_3|stapler_4|paperclip_4|triangleruler_4|iron_4|cabbage_2|spoon_4|popsicle_4
2019-04-06 17:44:48,2019-04-06 17:55:36,IP Address,*******,100,648,True,2019-04-06 17:55:37,R_2SrxX0qIDTHXiOz,*******,*******,*******,*******,*******,*******,anonymous,ZH-S,47,女,普通话/国语,普通话/国语,大学本科,中国大陆,个,棵,个,台,把,只,只,个,只,个,只,台,把,个,台,个,把,个,把,只,棵,个,台,个,把,个,只,个,把,个,只,个,把,只,块,只,台,,个,只,台,个,把,个,只,个,条,个,台,个,扇,个,个,只,辆,台,把,只,个,没有,台,个,根,条,只,个,块,个,把,只,只,个,只,个,架,个,辆,台,只,个,台,个,只,个,架,台,台,个,把,个,把,个,把,个,台,个,块,只,台,个,只,个,座,个,把,个,顶,个,辆,台,面,只,盏,个,把,个,把,台,台,个,台,个,把,个,台,只,把,个,65246,Unknown,telescope_2|woodendoor_2|belt_3|bicycle_2|truck_3|sofa_4|motorcycle_3|printer_4|bow_4|draftingcompasses_4|comb_4|slingshot_2|microscope_3|piano_3|cabbage_2|popsicle_4|spoon_4|tv_2|blackboard_2|coffeemachine_3|glove_3|fan_3|tie_3|toothbrush_4|hat_2|thermometer_3|paperclip_4|triangleruler_4|desklamp_3|pipe_3|scissors_4|egg_4|garlic_4|laptop_3|hammer_4|bracelet_3|abacus_3|racket_4|mincer_2|washingmachine_2|harp_2|hairblower_2|plane_4|mirror_3|stapler_4|iron_4|screwdriver_2|screwnut_4|broom_2|nailclippers_2|key_3|monitor_2|balance_2|watch_3|handfan_4|pakchoi_3|guitar_3|axe_2|brush_3|silvermedal_2|microwave_2|camera_3|torch_2|lighthouse_2
2019-04-06 19:56:17,2019-04-06 20:11:41,IP Address,*******,100,924,True,2019-04-06 20:11:42,R_2PApvC8JI6HFcjY,*******,*******,*******,*******,*******,*******,anonymous,ZH-S,31,女,普通话/国语,普通话/国语,大学本科,中国大陆,个,没有,台,个,把,个,张,个,个,没有,个,没有,把,个,台,没有,台,个,把,个,棵,个,台,没有,把,个,只,个,把,没有,个,没有,把,没有,块,个,台,,颗,个,台,个,把,没有,个,没有,条,个,台,个,扇,个,枚,个,辆,台,把,个,把,个,台,个,条,没有,把,个,快,没有,把,个,只,个,把,个,辆,没有,辆,台,个,没有,台,个,个,枚,台,没有,个,没有,把,个,台,没有,把,没有,台,个,块,个,台,个,把,个,座,个,把,个,顶,个,辆,台,块,没有,个,盏,把,没有,个,没有,个,把,台,个,个,没有,台,个,把,个,73239,Unknown,slingshot_2|sofa_4|spoon_4|screwdriver_2|blackboard_2|scissors_4|axe_2|monitor_2|woodendoor_2|guitar_3|coffeemachine_3|bracelet_3|abacus_3|bow_4|plane_4|watch_3|handfan_4|fan_3|hammer_4|racket_4|pipe_3|popsicle_4|stapler_4|cabbage_2|camera_3|comb_4|bicycle_2|balance_2|hairblower_2|silvermedal_2|telescope_2|triangleruler_4|toothbrush_4|lighthouse_2|printer_4|truck_3|screwnut_4|iron_4|hat_2|egg_4|harp_2|motorcycle_3|key_3|pakchoi_3|belt_3|microwave_2|washingmachine_2|garlic_4|draftingcompasses_4|desklamp_3|broom_2|thermometer_3|laptop_3|mincer_2|tie_3|brush_3|tv_2|mirror_3|nailclippers_2|microscope_3|paperclip_4|piano_3|torch_2|glove_3
2019-04-06 20:19:17,2019-04-06 20:32:11,IP Address,*******,100,774,True,2019-04-06 20:32:12,R_3O9eJxeZ7gKk1Mj,*******,*******,*******,*******,*******,*******,anonymous,ZH-S,28,男,粤语,粤语,大学本科,中国大陆,棵,个,台,没有,把,没有,张,个,只,个,台,个,把,个,台,没有,个,没有,把,个,棵,个,台,个,把,没有,只,个,把,没有,个,没有,把,没有,块,枚,台,,颗,个,台,个,把,没有,个,没有,条,没有,台,没有,扇,没有,枚,个,辆,辆,把,没有,把,没有,台,没有,条,没有,个,没有,块,没有,把,没有,只,个,个,没有,辆,台,辆,没有,个,没有,台,没有,枚,个,台,没有,把,没有,把,个,台,没有,把,没有,台,没有,块,没有,台,没有,把,个,座,个,把,个,顶,没有,辆,没有,面,个,盏,个,把,没有,个,没有,个,没有,台,没有,个,没有,台,没有,把,没有,23045,Unknown,comb_4|garlic_4|piano_3|brush_3|motorcycle_3|lighthouse_2|hairblower_2|stapler_4|toothbrush_4|racket_4|hat_2|triangleruler_4|egg_4|iron_4|screwnut_4|key_3|scissors_4|axe_2|cabbage_2|camera_3|nailclippers_2|glove_3|washingmachine_2|microscope_3|microwave_2|harp_2|bicycle_2|thermometer_3|paperclip_4|guitar_3|silvermedal_2|laptop_3|tie_3|desklamp_3|balance_2|pakchoi_3|tv_2|blackboard_2|broom_2|screwdriver_2|bracelet_3|hammer_4|mirror_3|plane_4|sofa_4|monitor_2|watch_3|bow_4|abacus_3|handfan_4|telescope_2|draftingcompasses_4|truck_3|printer_4|mincer_2|belt_3|spoon_4|woodendoor_2|fan_3|torch_2|slingshot_2|popsicle_4|pipe_3|coffeemachine_3
2019-04-06 20:37:40,2019-04-06 20:49:04,IP Address,*******,100,684,True,2019-04-06 20:49:05,R_1C8EExIMiNmS2Ec,*******,*******,*******,*******,*******,*******,anonymous,ZH-S,29,女,普通话/国语,普通话/国语,硕士研究生（包括在读）,中国大陆,棵,个,台,没有,把,没有,张,没有,只,个,台,个,把,没有,台,没有,个,没有,把,没有,棵,个,台,个,把,没有,个,只,把,没有,个,没有,把,没有,块,枚,台,,颗,个,台,没有,把,没有,个,没有,条,没有,台,没有,扇,没有,枚,个,辆,台,把,没有,把,没有,台,没有,条,没有,个,把,块,没有,把,个,只,个,个,把,台,没有,辆,台,个,没有,台,没有,枚,个,台,没有,个,没有,把,没有,台,没有,把,没有,台,没有,块,没有,台,个,把,个,座,没有,把,没有,顶,没有,台,辆,面,块,盏,个,把,没有,把,个,个,没有,台,没有,把,个,台,没有,把,没有,66027,Unknown,bow_4|balance_2|telescope_2|racket_4|microscope_3|hat_2|pipe_3|monitor_2|silvermedal_2|camera_3|lighthouse_2|sofa_4|coffeemachine_3|laptop_3|handfan_4|mirror_3|stapler_4|truck_3|thermometer_3|toothbrush_4|key_3|comb_4|glove_3|abacus_3|broom_2|popsicle_4|screwdriver_2|piano_3|torch_2|printer_4|garlic_4|microwave_2|iron_4|plane_4|fan_3|draftingcompasses_4|watch_3|tv_2|axe_2|brush_3|guitar_3|tie_3|cabbage_2|hairblower_2|washingmachine_2|slingshot_2|belt_3|motorcycle_3|scissors_4|woodendoor_2|bracelet_3|triangleruler_4|nailclippers_2|spoon_4|screwnut_4|paperclip_4|bicycle_2|egg_4|blackboard_2|pakchoi_3|desklamp_3|mincer_2|harp_2|hammer_4
2019-04-06 20:52:53,2019-04-06 21:05:44,IP Address,*******,100,770,True,2019-04-06 21:05:44,R_3prl6Tc9eQP41LM,*******,*******,*******,*******,*******,*******,anonymous,ZH-S,35,男,粤语,粤语,大学本科,中国大陆,棵,个,台,没有,把,没有,张,没有,只,个,台,个,把,个,台,没有,个,台,把,没有,棵,个,台,没有,把,没有,只,个,把,没有,个,没有,把,没有,枚,块,台,,颗,个,台,没有,把,没有,个,条,条,没有,台,个,扇,没有,枚,个,辆,台,个,把,把,个,台,个,条,没有,个,没有,块,没有,把,个,只,个,个,把,架,台,辆,台,个,没有,台,没有,枚,个,台,没有,把,没有,把,没有,台,没有,把,没有,台,个,块,没有,台,个,把,没有,座,没有,把,个,顶,没有,辆,台,块,面,盏,没有,把,没有,个,没有,个,没有,台,没有,没有,没有,台,架,把,没有,83416,Unknown,stapler_4|bracelet_3|handfan_4|screwnut_4|microscope_3|broom_2|hammer_4|sofa_4|bow_4|printer_4|brush_3|silvermedal_2|key_3|monitor_2|tie_3|thermometer_3|racket_4|spoon_4|tv_2|microwave_2|telescope_2|bicycle_2|cabbage_2|mirror_3|slingshot_2|laptop_3|truck_3|popsicle_4|pakchoi_3|belt_3|pipe_3|washingmachine_2|scissors_4|plane_4|toothbrush_4|hat_2|paperclip_4|watch_3|woodendoor_2|draftingcompasses_4|blackboard_2|balance_2|axe_2|screwdriver_2|mincer_2|comb_4|glove_3|fan_3|egg_4|hairblower_2|desklamp_3|coffeemachine_3|lighthouse_2|iron_4|harp_2|abacus_3|motorcycle_3|nailclippers_2|piano_3|triangleruler_4|torch_2|guitar_3|garlic_4|camera_3
2019-04-06 21:00:38,2019-04-06 21:17:12,IP Address,*******,100,994,True,2019-04-06 21:17:13,R_3QXGt3zAOvWdB5p,*******,*******,*******,*******,*******,*******,anonymous,ZH-S,31,女,普通话/国语,普通话/国语,大学专科,中国大陆,颗,没有,架,个,把,个,个,没有,个,没有,个,没有,把,个,个,台,个,件,把,个,颗,没有,台,个,个,把,副,个,把,个,个,把,个,没有,块,个,个,没有,头,颗,台,个,把,个,支,根,个,没有,台,个,扇,个,个,没有,辆,台,把,个,个,没有,台,无,条,个,个,只,块,个,把,只,个,把,个,没有,架,辆,辆,没有,个,没有,台,个,件,个,架,台,个,没有,把,没有,把,个,把,个,台,个,挂,个,个,台,个,没有,座,没有,把,没有,顶,个,辆,个,面,个,个,只,把,个,个,没有,个,没有,台,没有,副,个,个,台,个,没有,23809,Unknown,broom_2|paperclip_4|fan_3|nailclippers_2|spoon_4|desklamp_3|blackboard_2|tie_3|tv_2|handfan_4|popsicle_4|truck_3|guitar_3|belt_3|printer_4|bicycle_2|slingshot_2|microscope_3|bow_4|mirror_3|key_3|plane_4|stapler_4|axe_2|thermometer_3|screwnut_4|coffeemachine_3|washingmachine_2|toothbrush_4|camera_3|pakchoi_3|hairblower_2|bracelet_3|torch_2|hat_2|comb_4|silvermedal_2|pipe_3|racket_4|motorcycle_3|egg_4|piano_3|monitor_2|lighthouse_2|draftingcompasses_4|glove_3|microwave_2|scissors_4|hammer_4|laptop_3|abacus_3|brush_3|iron_4|cabbage_2|harp_2|balance_2|woodendoor_2|mincer_2|telescope_2|watch_3|garlic_4|screwdriver_2|triangleruler_4|sofa_4
2019-04-06 21:12:02,2019-04-06 21:23:02,IP Address,*******,100,660,True,2019-04-06 21:23:02,R_1E6hwsGvVByNapU,*******,*******,*******,*******,*******,*******,anonymous,ZH-S,32,男,普通话/国语,普通话/国语,大学本科,中国大陆,颗,个,台,没有,把,没有,张,没有,只,个,台,个,把,没有,台,没有,个,没有,把,没有,棵,个,台,个,把,没有,只,个,把,没有,个,没有,把,没有,块,枚,台,,颗,个,台,个,把,没有,个,条,条,没有,台,没有,扇,道,枚,个,辆,台,把,没有,把,个,台,个,条,没有,个,没有,块,没有,把,个,只,个,把,个,架,台,辆,台,个,没有,台,没有,枚,个,台,架,个,没有,把,没有,台,没有,把,没有,台,没有,块,没有,台,没有,把,把,座,个,把,没有,顶,个,辆,台,面,块,盏,没有,把,没有,个,没有,个,把,台,没有,把,个,台,没有,把,没有,14959,Unknown,screwnut_4|garlic_4|bicycle_2|mincer_2|nailclippers_2|camera_3|paperclip_4|cabbage_2|mirror_3|slingshot_2|broom_2|draftingcompasses_4|belt_3|plane_4|laptop_3|desklamp_3|tie_3|brush_3|bow_4|spoon_4|handfan_4|pakchoi_3|egg_4|microscope_3|telescope_2|thermometer_3|woodendoor_2|blackboard_2|printer_4|comb_4|motorcycle_3|monitor_2|popsicle_4|hammer_4|watch_3|microwave_2|guitar_3|scissors_4|coffeemachine_3|axe_2|balance_2|sofa_4|hairblower_2|torch_2|bracelet_3|stapler_4|glove_3|washingmachine_2|pipe_3|piano_3|lighthouse_2|iron_4|silvermedal_2|triangleruler_4|fan_3|toothbrush_4|key_3|tv_2|harp_2|racket_4|hat_2|abacus_3|screwdriver_2|truck_3
2019-04-06 23:53:14,2019-04-07 00:07:24,IP Address,*******,100,849,True,2019-04-07 00:07:25,R_2YxGbhL2eiVogqv,*******,*******,*******,*******,*******,*******,anonymous,ZH-S,26,男,"普通话/国语,赣语",普通话/国语,大学本科,中国大陆,颗,个,台,套,把,个,套,个,个,没有,个,没有,把,没有,台,个,个,套,把,个,颗,个,台,个,个,套,个,没有,把,没有,个,没有,把,个,枚,块,台,,颗,个,台,个,把,个,份,个,个,没有,台,没有,套,个,枚,没有,辆,没有,个,没有,个,没有,台,个,条,个,个,没有,块,个,个,没有,颗,个,个,套,架,个,辆,台,个,没有,台,个,个,没有,台,没有,个,没有,把,个,把,个,把,没有,台,个,个,款,台,个,个,没有,个,座,把,个,个,没有,辆,台,个,没有,盏,个,个,没有,把,没有,个,没有,台,个,个,把,台,没有,把,没有,80799,Unknown,washingmachine_2|coffeemachine_3|iron_4|popsicle_4|triangleruler_4|hat_2|pakchoi_3|brush_3|mirror_3|pipe_3|motorcycle_3|garlic_4|telescope_2|scissors_4|bicycle_2|slingshot_2|tie_3|hammer_4|glove_3|draftingcompasses_4|stapler_4|tv_2|sofa_4|laptop_3|comb_4|nailclippers_2|camera_3|axe_2|bow_4|truck_3|harp_2|watch_3|lighthouse_2|piano_3|guitar_3|spoon_4|fan_3|belt_3|screwnut_4|blackboard_2|balance_2|screwdriver_2|bracelet_3|hairblower_2|paperclip_4|egg_4|mincer_2|toothbrush_4|racket_4|thermometer_3|silvermedal_2|microscope_3|woodendoor_2|printer_4|key_3|monitor_2|handfan_4|desklamp_3|plane_4|microwave_2|broom_2|torch_2|abacus_3|cabbage_2
2019-04-07 00:11:31,2019-04-07 00:38:16,IP Address,*******,100,1604,True,2019-04-07 00:38:16,R_2962NK2JGKr1Z6F,*******,*******,*******,*******,*******,*******,anonymous,ZH-S,27,男,普通话/国语,普通话/国语,大学本科,中国大陆,颗,没有,台,没有,把,没有,台,没有,副,没有,把,没有,把,没有,架,没有,个,没有,把,没有,颗,没有,台,没有,把,没有,个,没有,把,没有,个,没有,把,没有,枚,没有,台,,个,没有,太,没有,把,没有,个,没有,条,没有,台,没有,扇,没有,个,没有,酷,时尚,把,没有,把,没有,台,没有,条,没有,把,没有,台,个,把,没有,颗,枚,个,没有,辆,没有,辆,没有,个,没有,台,没有,个,没有,架,没有,架,没有,把,没有,架,没有,把,没有,台,没有,没有,个,台,没有,个,没有,座,台,把,没有,顶,没有,辆,没有,太,没有,盏,没有,把,没有,珠,没有,把,没有,台,没有,把,没有,台,没有,把,没有,98305,Unknown,motorcycle_3|lighthouse_2|blackboard_2|hat_2|monitor_2|hairblower_2|paperclip_4|hammer_4|comb_4|handfan_4|spoon_4|bicycle_2|key_3|broom_2|laptop_3|egg_4|silvermedal_2|plane_4|cabbage_2|torch_2|piano_3|tie_3|printer_4|abacus_3|woodendoor_2|coffeemachine_3|racket_4|nailclippers_2|microwave_2|desklamp_3|sofa_4|pakchoi_3|harp_2|scissors_4|draftingcompasses_4|guitar_3|bow_4|screwdriver_2|axe_2|tv_2|mincer_2|balance_2|screwnut_4|glove_3|belt_3|microscope_3|brush_3|bracelet_3|truck_3|stapler_4|toothbrush_4|camera_3|thermometer_3|mirror_3|slingshot_2|garlic_4|iron_4|triangleruler_4|washingmachine_2|pipe_3|telescope_2|fan_3|watch_3|popsicle_4
2019-04-07 00:01:50,2019-04-07 00:38:58,IP Address,*******,100,2227,True,2019-04-07 00:38:58,R_1FfyBaVSMVQ04QR,*******,*******,*******,*******,*******,*******,anonymous,ZH-S,22,男,普通话/国语,其它,大学本科,中国大陆,个,没有,副,台,把,个,个,没有,副,个,个,没有,把,个,台,架,个,没有,把,没有,颗,把,台,个,把,个,只,个,把,个,把,只,把,根,块,个,把,,瓣,坨,个,个,把,没有,块,个,条,个,台,架,扇,个,只,个,辆,没有,把,没有,把,个,台,个,根,个,把,个,块,个,把,副,个,没有,把,个,架,没有,辆,架,根,个,台,个,个,块,台,架,个,没有,把,个,把,台,把,没有,台,个,块,个,台,个,个,把,座,没有,把,个,顶,个,辆,没有,块,个,个,没有,把,没有,把,个,把,个,台,个,柄,把,台,个,把,没有,40909,Unknown,screwnut_4|microscope_3|tv_2|balance_2|guitar_3|silvermedal_2|hammer_4|garlic_4|egg_4|woodendoor_2|tie_3|toothbrush_4|bow_4|iron_4|glove_3|mincer_2|key_3|handfan_4|telescope_2|abacus_3|screwdriver_2|hairblower_2|camera_3|scissors_4|printer_4|washingmachine_2|spoon_4|stapler_4|piano_3|lighthouse_2|sofa_4|pipe_3|watch_3|monitor_2|nailclippers_2|axe_2|harp_2|microwave_2|fan_3|draftingcompasses_4|slingshot_2|cabbage_2|comb_4|mirror_3|paperclip_4|truck_3|torch_2|triangleruler_4|coffeemachine_3|broom_2|desklamp_3|bicycle_2|belt_3|bracelet_3|thermometer_3|plane_4|pakchoi_3|laptop_3|brush_3|blackboard_2|motorcycle_3|hat_2|racket_4|popsicle_4
2019-04-07 01:25:22,2019-04-07 01:43:31,IP Address,*******,100,1088,True,2019-04-07 01:43:32,R_3eq3VsyXskMfbJN,*******,*******,*******,*******,*******,*******,anonymous,ZH-S,22,女,其它,普通话/国语,大学本科,中国大陆,颗,个,个,没有,把,没有,张,没有,个,没有,个,没有,个,没有,台,没有,个,没有,把,没有,颗,没有,台,没有,把,没有,副,双,个,把,个,没有,支,没有,个,没有,台,,个,没有,台,没有,1,没有,块,没有,个,没有,台,没有,个,没有,根,个,辆,没有,把,没有,把,没有,台,没有,根,没有,把,没有,个,没有,个,没有,个,没有,个,没有,架,没有,辆,没有,只,没有,台,没有,颗,个,台,没有,个,没有,把,没有,把,没有,把,没有,台,没有,个,没有,个,没有,把,没有,座,没有,把,没有,个,顶,辆,没有,个,没有,盏,个,把,没有,个,没有,个,没有,个,没有,个,没有,个,没有,把,没有,63076,Unknown,key_3|comb_4|desklamp_3|spoon_4|scissors_4|nailclippers_2|watch_3|glove_3|mirror_3|triangleruler_4|telescope_2|screwnut_4|laptop_3|hairblower_2|iron_4|egg_4|pipe_3|stapler_4|abacus_3|printer_4|broom_2|plane_4|belt_3|guitar_3|monitor_2|paperclip_4|popsicle_4|cabbage_2|blackboard_2|thermometer_3|axe_2|tv_2|racket_4|pakchoi_3|balance_2|bow_4|fan_3|motorcycle_3|draftingcompasses_4|truck_3|washingmachine_2|mincer_2|toothbrush_4|bracelet_3|microwave_2|hat_2|harp_2|bicycle_2|camera_3|woodendoor_2|lighthouse_2|slingshot_2|brush_3|torch_2|piano_3|microscope_3|sofa_4|hammer_4|coffeemachine_3|silvermedal_2|screwdriver_2|tie_3|garlic_4|handfan_4
2019-04-07 03:29:33,2019-04-07 03:51:29,IP Address,*******,100,1316,True,2019-04-07 03:51:30,R_BtUB5cX8GuRmxep,*******,*******,*******,*******,*******,*******,anonymous,ZH-S,28,男,"普通话/国语,粤语",粤语,硕士研究生（包括在读）,中国大陆,个,没有,台,个,把,没有,张,个,只,个,个,没有,把,个,台,没有,个,没有,把,个,棵,没有,台,部,把,没有,个,只,把,个,个,没有,只,个,枚,个,台,,个,没有,台,个,把,没有,支,条,条,没有,个,没有,扇,栋,个,没有,辆,没有,个,没有,个,没有,台,个,条,没有,把,个,个,没有,只,个,只,没有,把,个,架,没有,辆,没有,个,没有,台,没有,个,没有,台,个,台,个,把,个,个,没有,把,没有,台,没有,只,个,台,没有,把,个,个,没有,把,个,顶,没有,辆,没有,面,个,盏,台,把,没有,个,没有,个,没有,台,个,把,个,个,没有,张,把,30741,Unknown,fan_3|mirror_3|blackboard_2|lighthouse_2|paperclip_4|broom_2|plane_4|bicycle_2|balance_2|toothbrush_4|telescope_2|monitor_2|desklamp_3|glove_3|harp_2|triangleruler_4|spoon_4|watch_3|washingmachine_2|stapler_4|hammer_4|racket_4|thermometer_3|pipe_3|coffeemachine_3|cabbage_2|abacus_3|sofa_4|woodendoor_2|iron_4|bow_4|torch_2|key_3|printer_4|motorcycle_3|nailclippers_2|scissors_4|pakchoi_3|bracelet_3|camera_3|garlic_4|popsicle_4|tv_2|hairblower_2|guitar_3|microwave_2|hat_2|slingshot_2|piano_3|microscope_3|draftingcompasses_4|screwdriver_2|comb_4|belt_3|silvermedal_2|handfan_4|screwnut_4|egg_4|axe_2|laptop_3|mincer_2|tie_3|truck_3|brush_3
2019-04-07 03:33:56,2019-04-07 03:53:05,IP Address,*******,100,1149,True,2019-04-07 03:53:06,R_wZdiRbvksThGlBT,*******,*******,*******,*******,*******,*******,anonymous,ZH-S,25,女,普通话/国语,普通话/国语,硕士研究生（包括在读）,海外,颗,个,架,个,把,个,个,没有,个,只,个,台,把,个,台,个,个,没有,个,柄,颗,个,台,个,把,个,只,没有,个,没有,支,个,只,个,个,枚,台,,个,头,台,个,把,个,个,没有,条,根,个,台,扇,个,个,根,辆,个,个,把,个,只,台,个,条,根,个,没有,块,面,个,只,个,只,个,支,架,台,辆,个,只,个,台,个,个,只,架,台,个,没有,把,支,架,个,把,个,台,个,支,个,个,台,个,支,座,个,把,个,顶,个,辆,台,面,个,个,台,把,个,把,个,只,个,台,个,个,把,个,没有,支,把,59510,Unknown,glove_3|screwnut_4|blackboard_2|hat_2|motorcycle_3|printer_4|egg_4|camera_3|belt_3|tie_3|guitar_3|torch_2|lighthouse_2|thermometer_3|monitor_2|nailclippers_2|popsicle_4|paperclip_4|broom_2|toothbrush_4|laptop_3|scissors_4|bracelet_3|mirror_3|silvermedal_2|draftingcompasses_4|spoon_4|microscope_3|woodendoor_2|bicycle_2|hairblower_2|tv_2|pipe_3|cabbage_2|microwave_2|sofa_4|slingshot_2|brush_3|bow_4|balance_2|coffeemachine_3|hammer_4|washingmachine_2|watch_3|screwdriver_2|telescope_2|garlic_4|comb_4|key_3|fan_3|axe_2|desklamp_3|racket_4|truck_3|stapler_4|harp_2|handfan_4|plane_4|piano_3|mincer_2|abacus_3|iron_4|pakchoi_3|triangleruler_4
2019-04-07 00:29:30,2019-04-07 00:29:38,IP Address,*******,0,8,False,2019-04-07 04:29:59,R_12RWqFjOXwZFaD2,*******,*******,*******,*******,*******,*******,anonymous,ZH-S,,,,,,,,,,,,,,,,,,,,,,,,,,,,,,,,,,,,,,,,,,,,,,,,,,,,,,,,,,,,,,,,,,,,,,,,,,,,,,,,,,,,,,,,,,,,,,,,,,,,,,,,,,,,,,,,,,,,,,,,,,,,,,,,,,,,,,,85394,,
2019-04-07 00:34:39,2019-04-07 00:37:31,IP Address,*******,12,172,False,2019-04-07 04:37:42,R_2cwG1tVNFnSshSQ,*******,*******,*******,*******,*******,*******,anonymous,ZH-S,35,男,"普通话/国语,英语,其它",闽语（包括潮汕话）,博士研究生（包括在读）,港澳台地区,,,,,"  찢어지다"," 抜け出す。",,,,,アメリカ,没有,,,,,,,,,,,,,,,,,,,,,,,,,,,,,,,,,,,,,,,,,,,,,,,,,,,,,,,,,,,,,,,"  부르다",맞다,うん。,あなたは,,,,,,,,,,,,,,,,,,,,,,,,,,,図を引く,同業者に頼む。,형,"  응",,,,,,,,,,,,,,,,,,,,,13885,,hat_2|plane_4|axe_2|comb_4|bicycle_2|iron_4|printer_4|mincer_2|hairblower_2|piano_3|handfan_4|truck_3|silvermedal_2|triangleruler_4|stapler_4|microwave_2|blackboard_2|monitor_2|egg_4|screwdriver_2|screwnut_4|microscope_3|pakchoi_3|paperclip_4|popsicle_4|pipe_3|glove_3|belt_3|nailclippers_2|lighthouse_2|thermometer_3|laptop_3|camera_3|broom_2|telescope_2|abacus_3|washingmachine_2|sofa_4|bow_4|draftingcompasses_4|watch_3|fan_3|mirror_3|slingshot_2|cabbage_2|toothbrush_4|balance_2|scissors_4|harp_2|brush_3|hammer_4|woodendoor_2|spoon_4|key_3|torch_2|tv_2|coffeemachine_3|guitar_3|bracelet_3|desklamp_3|tie_3|racket_4|motorcycle_3|garlic_4
2019-04-07 01:14:59,2019-04-07 01:15:13,IP Address,*******,0,14,False,2019-04-07 05:15:14,R_1LLtOaf5DbIJWAR,*******,*******,*******,*******,*******,*******,anonymous,ZH-S,,,,,,,,,,,,,,,,,,,,,,,,,,,,,,,,,,,,,,,,,,,,,,,,,,,,,,,,,,,,,,,,,,,,,,,,,,,,,,,,,,,,,,,,,,,,,,,,,,,,,,,,,,,,,,,,,,,,,,,,,,,,,,,,,,,,,,,97729,,
2019-04-07 01:19:43,2019-04-07 01:20:49,IP Address,*******,0,65,False,2019-04-07 05:21:31,R_1doRAA2FwmcUcAQ,*******,*******,*******,*******,*******,*******,anonymous,ZH-S,,,,,,,,,,,,,,,,,,,,,,,,,,,,,,,,,,,,,,,,,,,,,,,,,,,,,,,,,,,,,,,,,,,,,,,,,,,,,,,,,,,,,,,,,,,,,,,,,,,,,,,,,,,,,,,,,,,,,,,,,,,,,,,,,,,,,,,82035,,
2019-04-07 02:42:19,2019-04-07 02:42:29,IP Address,*******,0,9,False,2019-04-07 06:43:18,R_1mL7WPFqpXU4AVt,*******,*******,*******,*******,*******,*******,anonymous,ZH-S,,,,,,,,,,,,,,,,,,,,,,,,,,,,,,,,,,,,,,,,,,,,,,,,,,,,,,,,,,,,,,,,,,,,,,,,,,,,,,,,,,,,,,,,,,,,,,,,,,,,,,,,,,,,,,,,,,,,,,,,,,,,,,,,,,,,,,,98659,,
2019-04-07 06:48:50,2019-04-07 07:05:27,IP Address,*******,100,996,True,2019-04-07 07:05:28,R_2tmyffcpI9b7Tx9,*******,*******,*******,*******,*******,*******,anonymous,ZH-S,29,女,普通话/国语,普通话/国语,硕士研究生（包括在读）,中国大陆,棵,个,架,台,把,只,个,没有,个,只,只,个,个,没有,台,个,支,个,把,个,棵,把,台,个,把,个,只,个,把,个,支,个,支,个,枚,个,台,,只,个,台,个,把,个,支,个,条,个,台,个,扇,个,个,只,辆,台,把,个,把,个,台,个,条,个,个,没有,个,没有,个,只,只,个,支,个,架,没有,辆,没有,个,没有,台,个,只,个,台,架,台,个,把,只,把,架,把,个,台,个,只,个,台,个,个,只,个,座,把,个,顶,个,辆,没有,个,没有,个,没有,把,个,个,只,个,没有,台,个,把,只,台,个,支,个,62998,Unknown,spoon_4|slingshot_2|plane_4|camera_3|abacus_3|balance_2|microscope_3|nailclippers_2|sofa_4|thermometer_3|pakchoi_3|popsicle_4|bicycle_2|silvermedal_2|telescope_2|truck_3|blackboard_2|harp_2|tie_3|paperclip_4|washingmachine_2|axe_2|mirror_3|racket_4|watch_3|scissors_4|laptop_3|tv_2|glove_3|piano_3|monitor_2|screwnut_4|hairblower_2|comb_4|draftingcompasses_4|bracelet_3|key_3|lighthouse_2|motorcycle_3|iron_4|fan_3|microwave_2|brush_3|guitar_3|printer_4|screwdriver_2|torch_2|bow_4|desklamp_3|handfan_4|hat_2|coffeemachine_3|triangleruler_4|egg_4|belt_3|mincer_2|stapler_4|pipe_3|broom_2|cabbage_2|woodendoor_2|hammer_4|garlic_4|toothbrush_4
2019-04-07 07:10:08,2019-04-07 07:31:47,IP Address,*******,100,1298,True,2019-04-07 07:31:47,R_ykKSsfBxbXlKHgl,*******,*******,*******,*******,*******,*******,anonymous,ZH-S,38,男,普通话/国语,普通话/国语,硕士研究生（包括在读）,港澳台地区,顆,個,個,支,個,柄,個,張,支,個,台,個,柄,支,個,沒有,台,個,柄,個,把,顆,台,沒有,把,個,雙,支,支,支,支,個,支,個,個,沒有,台,,顆,沒有,台,沒有,支,付,支,個,條,付,台,座,扇,道,個,沒有,台,輛,把,個,支,個,台,個,條,沒有,支,個,個,面,支,個,顆,個,個,付,台,沒有,輛,台,個,沒有,台,沒有,個,沒有,台,座,個,座,支,個,座,沒有,個,沒有,台,沒有,支,個,台,沒有,個,把,座,棟,把,柄,頂,個,台,輛,面,個,座,個,支,個,付,個,把,台,台,沒有,支,沒有,台,個,付,支,72218,Unknown,camera_3|pipe_3|motorcycle_3|sofa_4|cabbage_2|glove_3|microwave_2|silvermedal_2|axe_2|tv_2|hat_2|monitor_2|toothbrush_4|iron_4|egg_4|handfan_4|laptop_3|mirror_3|truck_3|plane_4|belt_3|paperclip_4|torch_2|garlic_4|thermometer_3|broom_2|hammer_4|telescope_2|watch_3|screwnut_4|hairblower_2|washingmachine_2|woodendoor_2|spoon_4|piano_3|nailclippers_2|draftingcompasses_4|screwdriver_2|slingshot_2|fan_3|mincer_2|harp_2|lighthouse_2|stapler_4|guitar_3|desklamp_3|racket_4|bow_4|popsicle_4|tie_3|bracelet_3|balance_2|blackboard_2|key_3|coffeemachine_3|scissors_4|brush_3|printer_4|abacus_3|pakchoi_3|microscope_3|triangleruler_4|bicycle_2|comb_4
2019-04-07 07:19:09,2019-04-07 07:34:10,IP Address,*******,100,901,True,2019-04-07 07:34:11,R_2YFm4vfomqRGFxY,*******,*******,*******,*******,*******,*******,anonymous,ZH-S,19,女,普通话/国语,普通话/国语,大学本科,中国大陆,个,没有,个,台,把,个,个,没有,个,只,个,没有,把,个,个,台,个,台,把,个,颗,个,台,个,个,没有,个,只,把,个,把,个,把,个,枚,个,台,,个,没有,1,台,把,个,个,支,个,没有,台,个,扇,个,枚,个,辆,台,把,个,把,个,个,没有,根,个,个,把,面,个,个,只,个,枚,把,个,架,没有,辆,没有,个,支,台,个,个,没有,台,没有,个,没有,把,个,个,面,把,个,台,个,块,个,台,个,个,支,个,没有,把,个,顶,个,辆,台,面,个,个,台,把,个,把,个,个,没有,台,没有,个,只,个,台,把,支,33375,Unknown,monitor_2|truck_3|screwnut_4|mirror_3|popsicle_4|piano_3|thermometer_3|motorcycle_3|lighthouse_2|stapler_4|printer_4|bow_4|bicycle_2|handfan_4|washingmachine_2|torch_2|draftingcompasses_4|silvermedal_2|desklamp_3|nailclippers_2|hat_2|plane_4|toothbrush_4|brush_3|harp_2|sofa_4|abacus_3|hammer_4|key_3|mincer_2|blackboard_2|laptop_3|cabbage_2|screwdriver_2|scissors_4|camera_3|watch_3|pakchoi_3|fan_3|microwave_2|pipe_3|comb_4|glove_3|slingshot_2|egg_4|iron_4|paperclip_4|broom_2|woodendoor_2|axe_2|balance_2|racket_4|garlic_4|belt_3|telescope_2|bracelet_3|microscope_3|guitar_3|tv_2|hairblower_2|coffeemachine_3|tie_3|triangleruler_4|spoon_4
2019-04-07 07:50:48,2019-04-07 08:02:39,IP Address,*******,100,710,True,2019-04-07 08:02:39,R_3rM5iiv17ZSPtx2,*******,*******,*******,*******,*******,*******,anonymous,ZH-S,19,男,普通话/国语,普通话/国语,大学本科,海外,把,没有,架,台,把,没有,个,没有,对,没有,台,个,把,没有,架,台,台,个,把,没有,把,个,台,个,块,没有,对,双,把,没有,个,没有,把,支,块,没有,个,没有,个,没有,台,没有,把,个,块,个,条,没有,台,没有,扇,没有,个,没有,辆,没有,把,柄,把,没有,本,台,条,个,把,个,块,个,把,个,个,没有,把,个,架,个,辆,台,支,个,台,没有,个,没有,架,个,台,没有,把,没有,把,没有,把,没有,个,没有,块,没有,台,没有,柄,没有,个,没有,把,没有,个,没有,辆,没有,面,没有,台,个,把,没有,把,没有,把,个,台,没有,把,没有,个,没有,个,没有,64012,Unknown,blackboard_2|piano_3|bracelet_3|hammer_4|triangleruler_4|fan_3|nailclippers_2|hairblower_2|coffeemachine_3|popsicle_4|tie_3|silvermedal_2|cabbage_2|motorcycle_3|camera_3|draftingcompasses_4|abacus_3|watch_3|slingshot_2|paperclip_4|pipe_3|torch_2|screwnut_4|racket_4|brush_3|microscope_3|screwdriver_2|garlic_4|woodendoor_2|mirror_3|egg_4|broom_2|harp_2|monitor_2|hat_2|pakchoi_3|belt_3|comb_4|tv_2|truck_3|telescope_2|laptop_3|handfan_4|balance_2|washingmachine_2|printer_4|axe_2|bow_4|stapler_4|thermometer_3|iron_4|desklamp_3|microwave_2|mincer_2|spoon_4|scissors_4|key_3|sofa_4|guitar_3|glove_3|bicycle_2|plane_4|toothbrush_4|lighthouse_2
2019-04-07 11:42:58,2019-04-07 12:02:04,IP Address,*******,100,1145,True,2019-04-07 12:02:05,R_3sdp0npX5mgVzHG,*******,*******,*******,*******,*******,*******,anonymous,ZH-S,27,男,普通话/国语,普通话/国语,大学专科,中国大陆,卷心菜,没有,望远镜,没有,斧头,斧子,沙发,没有,手镯,手环,熨斗,烫斗,螺丝刀,没有,搅拌机,没有,订书机,没有,扫把,没有,白菜,没有,电视机,电视,三角尺,没有,手套,没有,电吉他,吉他,烟斗,没有,牙刷,没有,奖牌,银牌,电风扇,,蒜头,大蒜,显示器,显示屏,钥匙,没有,雪糕,没有,领带,没有,显微镜,没有,木门,门,回形针,别针,摩托车,没有,铁锤,锤子,手电筒,没有,笔记本电脑,手提电脑,皮带,没有,指甲钳,没有,黑板,没有,勺子,没有,鸡蛋,没有,弹弓,弹叉,飞机,没有,单车,自行车,计温器,体温针,洗衣机,没有,螺母,螺丝,钢琴,没有,天平,没有,毛刷,刷子,竖琴,没有,折扇,扇子,咖啡机,没有,手表,没有,微波炉,没有,圆规,没有,电塔,灯塔,梳子,没有,帽子,没有,卡车,货车,镜子,没有,台灯,没有,剪刀,没有,算盘,没有,吹风机,电吹风,打印机,复印件,羽毛球拍,没有,照相机,没有,弓箭,没有,24412,Unknown,iron_4|mincer_2|silvermedal_2|bicycle_2|tv_2|pakchoi_3|hammer_4|motorcycle_3|screwdriver_2|abacus_3|lighthouse_2|harp_2|toothbrush_4|microscope_3|handfan_4|garlic_4|screwnut_4|woodendoor_2|printer_4|thermometer_3|key_3|stapler_4|plane_4|blackboard_2|camera_3|microwave_2|spoon_4|bow_4|telescope_2|nailclippers_2|draftingcompasses_4|truck_3|monitor_2|brush_3|balance_2|watch_3|hat_2|sofa_4|egg_4|hairblower_2|torch_2|desklamp_3|coffeemachine_3|popsicle_4|tie_3|bracelet_3|washingmachine_2|triangleruler_4|piano_3|paperclip_4|pipe_3|racket_4|axe_2|glove_3|broom_2|comb_4|mirror_3|cabbage_2|fan_3|slingshot_2|belt_3|scissors_4|laptop_3|guitar_3
2019-04-07 18:20:53,2019-04-07 18:34:20,IP Address,*******,100,806,True,2019-04-07 18:34:21,R_2f7muy32lky4BNC,*******,*******,*******,*******,*******,*******,anonymous,ZH-S,29,男,普通话/国语,普通话/国语,大学本科,中国大陆,个,棵,个,架,个,把,张,没有,个,没有,个,没有,把,个,台,没有,个,没有,把,没有,棵,没有,台,没有,把,个,副,个,把,把,个,没有,把,没有,个,没有,台,,头,个,台,没有,把,个,个,没有,个,没有,台,架,扇,没有,个,没有,辆,台,把,个,个,没有,台,没有,条,没有,个,没有,个,没有,把,个,个,枚,把,个,架,没有,辆,台,个,只,台,没有,个,没有,架,没有,台,个,把,个,架,把,把,个,台,个,个,没有,台,没有,个,没有,座,没有,把,没有,个,顶,辆,没有,面,个,个,没有,把,没有,个,没有,个,没有,台,没有,个,没有,台,个,把,个,86713,Unknown,mirror_3|key_3|balance_2|coffeemachine_3|hat_2|glove_3|bow_4|spoon_4|harp_2|axe_2|garlic_4|silvermedal_2|triangleruler_4|camera_3|motorcycle_3|stapler_4|egg_4|iron_4|popsicle_4|tie_3|sofa_4|piano_3|racket_4|tv_2|abacus_3|telescope_2|desklamp_3|paperclip_4|hairblower_2|guitar_3|bracelet_3|blackboard_2|torch_2|monitor_2|woodendoor_2|hammer_4|draftingcompasses_4|pipe_3|watch_3|cabbage_2|handfan_4|toothbrush_4|printer_4|plane_4|mincer_2|scissors_4|fan_3|screwdriver_2|bicycle_2|laptop_3|microwave_2|comb_4|thermometer_3|microscope_3|broom_2|belt_3|truck_3|washingmachine_2|slingshot_2|screwnut_4|nailclippers_2|brush_3|lighthouse_2|pakchoi_3
2019-04-07 18:45:47,2019-04-07 18:55:00,IP Address,*******,100,552,True,2019-04-07 18:55:01,R_ZsFAAPXaZ3Lo1SV,*******,*******,*******,*******,*******,*******,anonymous,ZH-S,25,女,普通话/国语,普通话/国语,大学本科,中国大陆,颗,个,台,个,把,个,个,没有,只,个,个,只,把,个,台,没有,个,没有,把,没有,颗,没有,台,个,把,个,副,双,把,没有,把,个,把,支,块,个,个,只,颗,头,台,个,把,个,根,个,条,根,台,没有,扇,没有,个,只,辆,台,把,个,个,只,台,个,根,条,把,没有,块,没有,把,没有,个,只,副,个,辆,架,辆,部,个,只,台,个,个,没有,台,架,台,没有,把,个,把,个,把,没有,个,没有,块,没有,个,只,把,个,座,个,把,没有,顶,没有,辆,台,面,没有,个,只,把,没有,个,副,个,只,台,个,把,支,台,个,副,没有,60312,Unknown,axe_2|blackboard_2|hairblower_2|hammer_4|pipe_3|egg_4|iron_4|toothbrush_4|fan_3|belt_3|mirror_3|hat_2|microwave_2|broom_2|bracelet_3|scissors_4|spoon_4|harp_2|glove_3|monitor_2|paperclip_4|guitar_3|nailclippers_2|coffeemachine_3|draftingcompasses_4|handfan_4|screwdriver_2|racket_4|cabbage_2|silvermedal_2|bicycle_2|stapler_4|pakchoi_3|watch_3|mincer_2|woodendoor_2|comb_4|tie_3|truck_3|triangleruler_4|printer_4|desklamp_3|tv_2|slingshot_2|piano_3|lighthouse_2|brush_3|motorcycle_3|thermometer_3|laptop_3|torch_2|screwnut_4|plane_4|abacus_3|telescope_2|sofa_4|bow_4|balance_2|microscope_3|garlic_4|camera_3|popsicle_4|key_3|washingmachine_2
2019-04-07 18:49:37,2019-04-07 18:59:41,IP Address,*******,100,604,True,2019-04-07 18:59:42,R_2CpOK20uTWTXxby,*******,*******,*******,*******,*******,*******,anonymous,ZH-S,22,女,普通话/国语,普通话/国语,大学本科,中国大陆,个,没有,台,没有,把,没有,张,没有,只,个,台,个,把,没有,台,没有,个,没有,把,个,棵,个,台,没有,把,没有,只,个,把,没有,个,没有,把,没有,块,枚,台,,颗,个,台,个,把,没有,个,没有,条,没有,台,没有,扇,没有,枚,个,辆,台,把,没有,把,个,台,个,条,没有,个,没有,块,没有,把,个,只,个,个,把,架,没有,辆,台,个,没有,台,没有,枚,个,台,没有,个,没有,把,个,台,没有,把,没有,台,没有,块,没有,台,个,把,个,座,没有,把,没有,顶,没有,辆,台,面,块,盏,个,把,没有,个,没有,个,没有,台,台,把,没有,台,没有,把,没有,28676,Unknown,screwdriver_2|broom_2|toothbrush_4|mincer_2|mirror_3|telescope_2|tv_2|slingshot_2|iron_4|torch_2|egg_4|silvermedal_2|nailclippers_2|hat_2|bracelet_3|fan_3|blackboard_2|woodendoor_2|balance_2|printer_4|guitar_3|microscope_3|piano_3|glove_3|camera_3|washingmachine_2|spoon_4|handfan_4|stapler_4|desklamp_3|monitor_2|draftingcompasses_4|belt_3|garlic_4|hammer_4|lighthouse_2|sofa_4|cabbage_2|pipe_3|bow_4|plane_4|laptop_3|tie_3|pakchoi_3|harp_2|watch_3|key_3|racket_4|axe_2|thermometer_3|paperclip_4|comb_4|brush_3|motorcycle_3|abacus_3|triangleruler_4|coffeemachine_3|truck_3|microwave_2|hairblower_2|bicycle_2|scissors_4|popsicle_4|screwnut_4
2019-04-07 19:05:42,2019-04-07 19:21:09,IP Address,*******,100,926,True,2019-04-07 19:21:10,R_1Q5SDxc6OtopgVd,*******,*******,*******,*******,*******,*******,anonymous,ZH-S,28,男,粤语,粤语,大学本科,中国大陆,个,没有,台,没有,把,没有,张,没有,只,个,个,没有,把,没有,台,没有,个,没有,把,没有,棵,个,台,没有,把,没有,只,个,把,没有,个,没有,把,没有,块,枚,台,,颗,个,台,个,把,没有,个,没有,条,没有,台,没有,扇,没有,枚,个,辆,台,把,没有,个,没有,台,个,条,没有,个,没有,块,没有,把,个,只,个,把,个,架,台,辆,台,个,没有,台,没有,枚,个,台,没有,个,没有,把,没有,台,没有,把,没有,台,没有,块,没有,台,个,个,没有,座,没有,把,没有,顶,没有,辆,台,面,块,盏,没有,把,没有,个,没有,没有,没有,台,没有,把,个,台,架,把,没有,28482,Unknown,stapler_4|screwdriver_2|popsicle_4|coffeemachine_3|monitor_2|draftingcompasses_4|comb_4|telescope_2|hat_2|toothbrush_4|spoon_4|printer_4|microwave_2|camera_3|microscope_3|tv_2|watch_3|fan_3|hairblower_2|woodendoor_2|piano_3|scissors_4|cabbage_2|racket_4|brush_3|axe_2|hammer_4|washingmachine_2|garlic_4|slingshot_2|screwnut_4|sofa_4|balance_2|thermometer_3|silvermedal_2|mirror_3|broom_2|nailclippers_2|bicycle_2|iron_4|key_3|abacus_3|glove_3|mincer_2|motorcycle_3|desklamp_3|torch_2|pakchoi_3|egg_4|handfan_4|triangleruler_4|plane_4|truck_3|guitar_3|tie_3|laptop_3|harp_2|bracelet_3|lighthouse_2|pipe_3|belt_3|paperclip_4|bow_4|blackboard_2
2019-04-07 19:44:18,2019-04-07 19:57:47,IP Address,*******,100,809,True,2019-04-07 19:57:47,R_1fjESXcY8ZaNMuK,*******,*******,*******,*******,*******,*******,anonymous,ZH-S,33,女,普通话/国语,普通话/国语,大学本科,中国大陆,颗,个,架,台,把,个,座,台,副,个,台,个,把,个,台,个,支,把,把,个,颗,个,台,个,把,个,副,支,把,个,支,个,把,个,枚,个,台,,头,个,台,个,把,个,块,个,个,副,台,架,扇,个,枚,个,台,辆,把,个,把,个,台,个,支,个,把,个,张,个,枚,个,枚,个,支,个,架,台,辆,架,把,支,架,个,个,枚,台,架,架,台,把,个,架,架,把,个,台,个,个,副,台,个,把,支,架,座,把,个,顶,个,辆,个,架,个,台,个,把,支,把,副,台,架,台,个,支,把,台,架,张,个,62571,Unknown,bicycle_2|monitor_2|hat_2|lighthouse_2|pipe_3|sofa_4|plane_4|key_3|laptop_3|handfan_4|woodendoor_2|telescope_2|broom_2|hammer_4|torch_2|balance_2|motorcycle_3|microwave_2|iron_4|blackboard_2|pakchoi_3|microscope_3|harp_2|watch_3|bow_4|silvermedal_2|piano_3|brush_3|slingshot_2|axe_2|spoon_4|toothbrush_4|screwdriver_2|camera_3|popsicle_4|thermometer_3|fan_3|mirror_3|draftingcompasses_4|desklamp_3|comb_4|scissors_4|cabbage_2|belt_3|printer_4|truck_3|egg_4|nailclippers_2|mincer_2|paperclip_4|stapler_4|glove_3|racket_4|hairblower_2|bracelet_3|coffeemachine_3|tv_2|garlic_4|washingmachine_2|triangleruler_4|screwnut_4|abacus_3|tie_3|guitar_3
2019-04-07 19:13:20,2019-04-07 20:26:49,IP Address,*******,100,4408,True,2019-04-07 20:26:50,R_2E5k7nviGtqqYUU,*******,*******,*******,*******,*******,*******,anonymous,ZH-S,24,男,普通话/国语,普通话/国语,硕士研究生（包括在读）,中国大陆,个,没有,架,没有,把,个,台,没有,把,个,把,个,个,没有,台,没有,台,没有,把,没有,棵,个,台,个,个,没有450B,只,没有,把,个,只,支,支,没有,把,个,架,,头,没有,台,没有,把,个,支,个,支,没有,台,没有,扇,没有,个,没有,辆,个,只,支,把,个,台,个,支,个,个,没有,个,没有,把,支,个,没有,个,把,架,没有,辆,架,个,没有,台,没有,只,个,架,台,只,个,把,没有,把,没有,把,没有,台,没有,个,块,台,个,支,没有,个,没有,把,没有,顶,没有,辆,个,台,没有,盏,没有,个,没有,个,没有,台,把,台,个,副,个,个,没有,支,没有,56071,Unknown,tv_2|popsicle_4|screwdriver_2|watch_3|handfan_4|scissors_4|mincer_2|camera_3|telescope_2|racket_4|triangleruler_4|broom_2|nailclippers_2|cabbage_2|coffeemachine_3|torch_2|harp_2|abacus_3|washingmachine_2|belt_3|screwnut_4|guitar_3|key_3|hammer_4|desklamp_3|microwave_2|spoon_4|egg_4|printer_4|balance_2|comb_4|tie_3|bicycle_2|hairblower_2|pakchoi_3|microscope_3|motorcycle_3|lighthouse_2|garlic_4|stapler_4|draftingcompasses_4|paperclip_4|piano_3|fan_3|toothbrush_4|axe_2|truck_3|mirror_3|silvermedal_2|laptop_3|iron_4|glove_3|slingshot_2|pipe_3|plane_4|woodendoor_2|hat_2|monitor_2|blackboard_2|bow_4|bracelet_3|thermometer_3|sofa_4|brush_3
2019-04-07 20:39:10,2019-04-07 20:50:49,IP Address,*******,100,698,True,2019-04-07 20:50:50,R_3rUN4O4aEtcNiIy,*******,*******,*******,*******,*******,*******,anonymous,ZH-S,31,女,普通话/国语,普通话/国语,大学本科,中国大陆,个,头,个,没有,把,个,个,没有,只,副,个,没有,个,没有,个,个,个,没有,把,个,颗,棵,台,没有,把,没有,副,只,把,没有,个,只,把,支,块,只,台,,头,个,台,没有,把,没有,支,个,条,没有,个,台,扇,个,只,个,辆,台,个,没有,个,没有,台,没有,条,没有,把,个,块,个,把,没有,个,没有,个,没有,架,没有,辆,没有,个,没有,台,没有,个,没有,台,没有,个,盏,把,个,把,，没有,把,没有,个,台,只,个,个,台,支,个,座,没有,把,没有,顶,只,辆,没有,个,没有,个,盏,把,没有,个,没有,个,副,台,个,副,没有,个,没有,副,个,97947,Unknown,bracelet_3|nailclippers_2|paperclip_4|woodendoor_2|hairblower_2|toothbrush_4|fan_3|popsicle_4|stapler_4|guitar_3|key_3|blackboard_2|cabbage_2|iron_4|printer_4|brush_3|microscope_3|sofa_4|handfan_4|triangleruler_4|screwdriver_2|washingmachine_2|desklamp_3|broom_2|glove_3|screwnut_4|garlic_4|balance_2|hammer_4|torch_2|coffeemachine_3|thermometer_3|harp_2|watch_3|monitor_2|bow_4|bicycle_2|egg_4|telescope_2|piano_3|mirror_3|mincer_2|lighthouse_2|pakchoi_3|hat_2|motorcycle_3|pipe_3|silvermedal_2|microwave_2|truck_3|plane_4|tv_2|axe_2|scissors_4|tie_3|spoon_4|comb_4|draftingcompasses_4|slingshot_2|abacus_3|belt_3|camera_3|racket_4|laptop_3
2019-04-07 19:50:27,2019-04-07 20:52:33,IP Address,*******,100,3725,True,2019-04-07 20:52:33,R_Xk55WkfK5nIVxex,*******,*******,*******,*******,*******,*******,anonymous,ZH-S,28,男,普通话/国语,普通话/国语,硕士研究生（包括在读）,中国大陆,个,个,个,个,个,个,个,个,个,个,把,把,个,个,个,台,个,副,把,个,个,个,台,台,个,个,副,个,个,个,个,个,个,吧,块,个,台,,个,钟,个,台,把,副,个,副,个,个,个,钟,扇,个,个,钟,个,台,4,四,把,个,台,个,个,个,个,个,块,个,四,4,个,钟,吧,个,架,个,个,个,个,个,架,台,个,钟,个,架,架,个,把,个,个,个,吧,个,台,个,3,三,个,台,4,四,个,个,个,吧,把,个,3,三,个,个,台,个,个,吧,个,副,给我,个,台,台,吧,台,个,个,吧,个,64280,Unknown,hammer_4|draftingcompasses_4|watch_3|truck_3|spoon_4|monitor_2|garlic_4|broom_2|paperclip_4|balance_2|microwave_2|torch_2|motorcycle_3|microscope_3|glove_3|mincer_2|silvermedal_2|axe_2|stapler_4|piano_3|popsicle_4|brush_3|handfan_4|laptop_3|woodendoor_2|abacus_3|screwnut_4|desklamp_3|mirror_3|egg_4|key_3|toothbrush_4|scissors_4|bracelet_3|slingshot_2|blackboard_2|screwdriver_2|lighthouse_2|belt_3|thermometer_3|triangleruler_4|racket_4|coffeemachine_3|washingmachine_2|iron_4|hat_2|camera_3|pakchoi_3|tv_2|harp_2|tie_3|cabbage_2|comb_4|telescope_2|bow_4|nailclippers_2|sofa_4|printer_4|hairblower_2|guitar_3|fan_3|plane_4|bicycle_2|pipe_3
2019-04-07 19:22:54,2019-04-07 19:42:40,IP Address,*******,70,1186,False,2019-04-07 23:43:30,R_9oH3JIWbHetugQF,*******,*******,*******,*******,*******,*******,anonymous,ZH-S,26,女,普通话/国语,普通话/国语,大学本科,中国大陆,个,没有,,,把,个,,,个,没有,个,没有,,,台,个,,,,,,,,,把,个,个,,把,个,,,把,个," 个",没有,,,个,头,台,个,把,没有,个,没有,条,没有,台,个,扇,没有,个,没有,,,把,个,盏,个,台,没有,,,把,个,个,没有,,,个,没有,把,个,架,个,,,,,个,台,个,没有,台,没有,杆,个,把,个,把,个,,,台,个,块,只,个,没有,把,个,个,没有,,,,,辆,没有,个,没有,盏,个,把,个,,,个,没有,台,没有,,,架,个,把,没有,30419,Unknown,guitar_3|monitor_2|balance_2|torch_2|woodendoor_2|microwave_2|lighthouse_2|axe_2|blackboard_2|paperclip_4|hammer_4|watch_3|nailclippers_2|garlic_4|washingmachine_2|truck_3|cabbage_2|iron_4|brush_3|plane_4|popsicle_4|mincer_2|bow_4|screwnut_4|harp_2|laptop_3|key_3|desklamp_3|mirror_3|microscope_3|toothbrush_4|bracelet_3|coffeemachine_3|hairblower_2|tie_3|piano_3|egg_4|printer_4|slingshot_2|camera_3|scissors_4|triangleruler_4|draftingcompasses_4|silvermedal_2|glove_3|racket_4|pakchoi_3|tv_2|bicycle_2|telescope_2|comb_4|handfan_4|hat_2|motorcycle_3|pipe_3|stapler_4|broom_2|fan_3|spoon_4|abacus_3|belt_3|screwdriver_2|thermometer_3|sofa_4
2019-04-08 00:55:00,2019-04-08 01:29:19,IP Address,*******,100,2059,True,2019-04-08 01:29:20,R_3qNDXOpLcEkkq41,*******,*******,*******,*******,*******,*******,anonymous,ZH-S,19,女,普通话/国语,普通话/国语,大学本科,中国大陆,颗,个,个,没有,把,个,个,没有,个,没有,个,没有,个,把,架,个,个,没有,把,没有,颗,没有,台,个,把,个,个,支,个,没有,个,没有,个,支,个,没有,个,没有,头,个,个,台,把,个,个,根,个,条,个,没有,扇,个,个,没有,辆,个,个,没有,个,没有,台,个,个,条,个,没有,块,张,个,支,个,枚,个,没有,架,个,辆,没有,个,支,个,没有,个,没有,架,台,个,架,个,把,个,没有,把,个,台,架,个,没有,个,台,个,没有,个,座,把,个,顶,个,辆,个,个,没有,个,没有,把,个,个,没有,个,没有,个,没有,副,个,个,没有,个,没有,53069,Unknown,axe_2|pakchoi_3|blackboard_2|bracelet_3|spoon_4|microscope_3|watch_3|lighthouse_2|abacus_3|stapler_4|truck_3|tv_2|microwave_2|printer_4|brush_3|garlic_4|desklamp_3|balance_2|camera_3|silvermedal_2|cabbage_2|popsicle_4|tie_3|mincer_2|hat_2|plane_4|handfan_4|motorcycle_3|bicycle_2|laptop_3|fan_3|belt_3|toothbrush_4|triangleruler_4|glove_3|screwdriver_2|draftingcompasses_4|hammer_4|slingshot_2|screwnut_4|monitor_2|paperclip_4|woodendoor_2|sofa_4|washingmachine_2|comb_4|nailclippers_2|mirror_3|bow_4|pipe_3|harp_2|racket_4|broom_2|key_3|egg_4|coffeemachine_3|scissors_4|torch_2|iron_4|piano_3|telescope_2|hairblower_2|guitar_3|thermometer_3
2019-04-08 01:37:15,2019-04-08 01:54:32,IP Address,*******,100,1037,True,2019-04-08 01:54:33,R_ueKXDAAiZ988tiN,*******,*******,*******,*******,*******,*******,anonymous,ZH-S,50,男,普通话/国语,普通话/国语,博士研究生（包括在读）,中国大陆,只,个,台,个,把,个,个,没有,只,个,只,个,把,个,台,个,只,个,把,个,棵,株,台,个,把,个,只,个,把,个,只,个,把,个,枚,个,台,,头,个,台,个,把,个,只,根,条,根,台,个,扇,个,只,个,辆,个,把,个,把,个,台,个,条,个,把,个,块,个,只,把,只,个,把,个,架,个,辆,个,只,个,台,个,只,个,台,个,座,台,把,个,台,个,把,个,台,个,只,个,台,个,只,个,座,个,把,个,顶,个,辆,个,面,个,个,座,把,个,把,个,只,个,台,个,把,个,台,个,把,个,83524,Unknown,tie_3|thermometer_3|desklamp_3|stapler_4|hat_2|sofa_4|cabbage_2|coffeemachine_3|iron_4|brush_3|pipe_3|piano_3|motorcycle_3|handfan_4|watch_3|glove_3|scissors_4|mincer_2|racket_4|axe_2|bracelet_3|laptop_3|pakchoi_3|microscope_3|bicycle_2|harp_2|slingshot_2|nailclippers_2|garlic_4|broom_2|telescope_2|monitor_2|lighthouse_2|tv_2|hairblower_2|washingmachine_2|blackboard_2|egg_4|screwnut_4|screwdriver_2|hammer_4|key_3|woodendoor_2|triangleruler_4|popsicle_4|belt_3|abacus_3|balance_2|comb_4|microwave_2|paperclip_4|draftingcompasses_4|fan_3|guitar_3|printer_4|plane_4|torch_2|truck_3|mirror_3|camera_3|toothbrush_4|spoon_4|silvermedal_2|bow_4
2019-04-08 01:49:59,2019-04-08 02:02:37,IP Address,*******,100,757,True,2019-04-08 02:02:38,R_3fwO9fNi38SpqWo,*******,*******,*******,*******,*******,*******,anonymous,ZH-S,29,女,湘语,湘语,大学本科,中国大陆,把,个,架,没有,把,没有,张,个,支,只,支,套,把,个,个,架,个,没有,把,支,把,捆,个,没有,把,个,个,支,把,支,支,个,把,支,个,支,个,没有,头,个,个,没有,把,支,支,个,条,根,座,没有,扇,面,个,没有,辆,没有,把,个,支,个,台,没有,根,套,把,支,架,块,个,支,个,没有,把,个,架,支,辆,没有,支,个,个,没有,颗,粒,架,座,架,没有,把,支,把,没有,把,没有,个,没有,支,没有,个,套,把,只,座,没有,把,支,顶,个,辆,没有,面,座,盏,没有,把,没有,个,把,个,没有,个,没有,个,没有,台,个,把,张,35259,Unknown,axe_2|handfan_4|tie_3|pakchoi_3|piano_3|screwnut_4|mirror_3|torch_2|abacus_3|telescope_2|guitar_3|sofa_4|spoon_4|slingshot_2|thermometer_3|motorcycle_3|toothbrush_4|microscope_3|egg_4|tv_2|key_3|popsicle_4|hat_2|bow_4|glove_3|blackboard_2|bicycle_2|triangleruler_4|comb_4|pipe_3|woodendoor_2|brush_3|printer_4|lighthouse_2|washingmachine_2|broom_2|monitor_2|mincer_2|fan_3|watch_3|microwave_2|bracelet_3|silvermedal_2|iron_4|belt_3|racket_4|scissors_4|laptop_3|truck_3|desklamp_3|camera_3|paperclip_4|draftingcompasses_4|hammer_4|nailclippers_2|garlic_4|cabbage_2|hairblower_2|stapler_4|coffeemachine_3|plane_4|balance_2|harp_2|screwdriver_2
2019-04-08 04:32:45,2019-04-08 04:43:46,IP Address,*******,100,660,True,2019-04-08 04:43:47,R_2DMMpCF9QLYOWYg,*******,*******,*******,*******,*******,*******,anonymous,ZH-S,18,男,普通话/国语,普通话/国语,高中/职高/中专,海外,2,没有,一样,没有,第一个,前面的,一样,没有,中间,没有,一样,没有,2,没有,2,没有,一样,没有,2,没有,不一样的白菜,没有,一样,没有,3,没有,中间,没有,一样,没有,一样,没有,一样,没有,都一样,都可以,中间,,一样,没有,2,没有,中间,没有,第三个,没有,一样,没有,一样,没有,一样,没有,13,没有,一样,没有,3,没有,2,没有,一样,没有,中间的,中央,一样,没有,一样,没有,24,没有,不一样的,3,一样,没有,一样,没有,2,没有,中间,没有,一样,没有,一样,没有,中间,没有,一样,没有,3,没用,一样,没有,13,没有,一样,没有,一样,没有,一样,没有,3,没有,2,没有,2,没有,2,没有,一样,没有,中间,没有,一样,没有,2”e,3,中间的,没有,第二个,没有,一样,没有,一样,没有,中间,没有,3-4,没有,84418,Unknown,silvermedal_2|egg_4|racket_4|draftingcompasses_4|axe_2|triangleruler_4|belt_3|hairblower_2|mincer_2|bracelet_3|broom_2|tv_2|pakchoi_3|bow_4|camera_3|lighthouse_2|monitor_2|key_3|bicycle_2|piano_3|screwdriver_2|fan_3|hat_2|iron_4|cabbage_2|glove_3|plane_4|popsicle_4|mirror_3|printer_4|abacus_3|scissors_4|brush_3|motorcycle_3|guitar_3|telescope_2|microscope_3|coffeemachine_3|watch_3|pipe_3|sofa_4|spoon_4|truck_3|desklamp_3|blackboard_2|hammer_4|handfan_4|thermometer_3|comb_4|slingshot_2|stapler_4|screwnut_4|nailclippers_2|laptop_3|harp_2|balance_2|microwave_2|paperclip_4|toothbrush_4|tie_3|torch_2|washingmachine_2|woodendoor_2|garlic_4
2019-04-08 08:33:54,2019-04-08 08:48:13,IP Address,*******,100,859,True,2019-04-08 08:48:15,R_20UTTddjDaO4f6Q,*******,*******,*******,*******,*******,*******,anonymous,ZH-S,23,男,普通话/国语,普通话/国语,大学本科,中国大陆,个,没有,只,没有,把,没有,只,没有,个,把,只,没有,个,根,架,没有,台,没有,把,只,颗,没有,台,个,把,没有,枚,没有,把,没有,只,没有,把,枚,枚,没有,台,,枚,没有,台,个,把,枚,枚,个,条,没有,台,没有,只,扇,枚,没有,辆,没有,把,只,个,只,台,个,条,没有,个,没有,面,没有,把,只,个,没有,把,没有,架,没有,辆,没有,只,没有,台,没有,枚,没有,台,没有,架,没有,把,没有,把,没有,把,没有,台,没有,只,没有,台,没有,只,没有,座,没有,把,没有,顶,没有,辆,台,台,没有,台,没有,把,枚,把,没有,台,没有,台,没有,把,只,台,没有,把,没有,40847,Unknown,tv_2|egg_4|balance_2|monitor_2|screwdriver_2|torch_2|handfan_4|abacus_3|pakchoi_3|belt_3|brush_3|microscope_3|bracelet_3|iron_4|silvermedal_2|paperclip_4|nailclippers_2|stapler_4|piano_3|laptop_3|racket_4|draftingcompasses_4|bow_4|printer_4|pipe_3|motorcycle_3|broom_2|comb_4|hairblower_2|mirror_3|lighthouse_2|truck_3|telescope_2|hammer_4|screwnut_4|key_3|cabbage_2|popsicle_4|tie_3|sofa_4|axe_2|desklamp_3|woodendoor_2|coffeemachine_3|bicycle_2|garlic_4|blackboard_2|plane_4|camera_3|harp_2|mincer_2|hat_2|glove_3|slingshot_2|scissors_4|triangleruler_4|microwave_2|toothbrush_4|fan_3|spoon_4|watch_3|thermometer_3|washingmachine_2|guitar_3
2019-04-08 08:42:14,2019-04-08 08:56:42,IP Address,*******,100,868,True,2019-04-08 08:56:43,R_1jxJpHWXDuFtJ0N,*******,*******,*******,*******,*******,*******,anonymous,ZH-S,22,女,"普通话/国语,客语",普通话/国语,大学本科,中国大陆,个,没有,架,台,把,个,座,台,个,只,个,没有,个,把,台,座,个,台,把,柄,颗,个,台,个,个,把,只,个,把,没有,把,只,把,个,个,没有,把,,个,颗,台,座,把,没有,根,只,条,没有,把,个,扇,没有,个,没有,辆,架,把,个,把,只,台,没有,个,没有,把,只,座,张,把,只,个,只,只,把,架,没有,辆,架,个,没有,台,没有,个,没有,台,架,架,个,把,只,把,座,把,柄,台,没有,只,个,台,没有,个,没有,座,个,把,张,顶,没有,辆,没有,面,没有,座,没有,把,张,把,只,个,把,台,没有,把,张,架,台,把,张,47296,Unknown,racket_4|motorcycle_3|piano_3|coffeemachine_3|spoon_4|bracelet_3|cabbage_2|camera_3|washingmachine_2|woodendoor_2|scissors_4|torch_2|slingshot_2|glove_3|draftingcompasses_4|blackboard_2|printer_4|microwave_2|lighthouse_2|comb_4|guitar_3|plane_4|egg_4|watch_3|sofa_4|harp_2|fan_3|laptop_3|belt_3|hairblower_2|screwdriver_2|truck_3|popsicle_4|bow_4|handfan_4|thermometer_3|telescope_2|key_3|desklamp_3|monitor_2|broom_2|tv_2|microscope_3|axe_2|bicycle_2|pakchoi_3|toothbrush_4|brush_3|silvermedal_2|triangleruler_4|iron_4|balance_2|tie_3|nailclippers_2|hammer_4|abacus_3|mirror_3|hat_2|screwnut_4|mincer_2|paperclip_4|pipe_3|garlic_4|stapler_4
2019-04-08 08:58:29,2019-04-08 09:18:53,IP Address,*******,100,1224,True,2019-04-08 09:18:53,R_1Nh213FSGJP0VfJ,*******,*******,*******,*******,*******,*******,anonymous,ZH-S,30,女,客语,普通话/国语,大学本科,中国大陆,个,没有,台,没有,把,没有,个,没有,只,个,个,没有,个,把,台,没有,个,没有,把,没有,把,株,台,没有,把,个,只,个,把,没有,个,没有,个,只,个,没有,台,,个,没有,台,没有,个,没有,只,个,条,没有,台,没有,扇,没有,个,没有,辆,没有,把,个,只,个,台,没有,条,没有,个,只,块,个,个,把,个,没有,把,个,架,没有,架,台,只,个,台,个,个,没有,台,架,个,架,把,只,架,没有,个,没有,台,个,个,没有,台,没有,个,只,座,没有,把,没有,顶,个,辆,没有,个,没有,个,台,把,个,个,没有,个,没有,台,没有,只,没有,台,个,把,没有,11984,Unknown,piano_3|camera_3|screwnut_4|broom_2|racket_4|thermometer_3|hammer_4|telescope_2|monitor_2|belt_3|brush_3|popsicle_4|fan_3|draftingcompasses_4|comb_4|mincer_2|plane_4|woodendoor_2|stapler_4|nailclippers_2|bicycle_2|tie_3|cabbage_2|hat_2|silvermedal_2|microscope_3|spoon_4|watch_3|laptop_3|sofa_4|axe_2|truck_3|scissors_4|triangleruler_4|blackboard_2|pipe_3|pakchoi_3|glove_3|washingmachine_2|torch_2|guitar_3|garlic_4|tv_2|mirror_3|egg_4|bracelet_3|abacus_3|toothbrush_4|motorcycle_3|balance_2|printer_4|key_3|handfan_4|slingshot_2|microwave_2|paperclip_4|hairblower_2|lighthouse_2|desklamp_3|screwdriver_2|iron_4|bow_4|coffeemachine_3|harp_2
2019-04-08 09:20:48,2019-04-08 09:29:59,IP Address,*******,100,551,True,2019-04-08 09:30:00,R_1GNgBGjEXO7kvuT,*******,*******,*******,*******,*******,*******,anonymous,ZH-S,28,男,"普通话/国语,英语",普通话/国语,大学本科,海外,个,没有,部,架,把,只,个,张,只,个,只,个,只,个,个,部,只,个,把,条,捆,只,台,部,把,个,只,条,只,个,只,个,只,把,枚,个,台,,头,个,台,个,把,只,只,个,只,条,座,个,扇,个,只,个,部,个,只,个,只,个,台,个,条,只,只,个,只,个,只,个,个,只,只,个,架,个,辆,个,只,个,台,个,只,个,架,个,座,个,只,个,只,个,把,个,个,部,只,条,个,没有,只,个,座,个,只,个,顶,个,辆,个,面,个,座,个,把,个,只,个,只,个,台,个,只,个,部,个,只,个,67293,Unknown,woodendoor_2|torch_2|sofa_4|monitor_2|guitar_3|broom_2|hat_2|draftingcompasses_4|screwdriver_2|tv_2|fan_3|racket_4|lighthouse_2|belt_3|popsicle_4|pakchoi_3|mincer_2|harp_2|mirror_3|watch_3|telescope_2|hairblower_2|pipe_3|bow_4|plane_4|camera_3|washingmachine_2|nailclippers_2|printer_4|slingshot_2|paperclip_4|abacus_3|laptop_3|tie_3|axe_2|desklamp_3|balance_2|brush_3|blackboard_2|silvermedal_2|comb_4|iron_4|coffeemachine_3|thermometer_3|garlic_4|bracelet_3|cabbage_2|motorcycle_3|microscope_3|bicycle_2|screwnut_4|key_3|handfan_4|microwave_2|glove_3|spoon_4|truck_3|hammer_4|stapler_4|piano_3|egg_4|triangleruler_4|scissors_4|toothbrush_4
2019-04-08 12:03:38,2019-04-08 12:09:18,IP Address,*******,22,339,False,2019-04-08 12:09:31,R_1K9j4Ml0HeevDrN,*******,*******,*******,*******,*******,*******,anonymous,ZH-S,24,男,普通话/国语,普通话/国语,高中/职高/中专,中国大陆,个小,没有,,,,,,,只小,没有,,,,,,,,,,,,,,,,,,,,,,,只小,没有,枚小,没有,,,,,,,,,,,,,,,,,,,,,把小,没有,,,,,,,,,,,,,,,,,架大,没有,,,,,,,角口,没有,,,个小,没有,,,,,把小,没有,台黑,没有,,,台大,没有,把小,没有,,,,,,,,,,,栈小,没有,,,,,,,,,,,,,,,96078,,screwnut_4|plane_4|bracelet_3|coffeemachine_3|toothbrush_4|balance_2|silvermedal_2|desklamp_3|hammer_4|microwave_2|cabbage_2|handfan_4|draftingcompasses_4|tie_3|bicycle_2|piano_3|thermometer_3|tv_2|telescope_2|mirror_3|hat_2|scissors_4|camera_3|pakchoi_3|torch_2|woodendoor_2|egg_4|nailclippers_2|axe_2|broom_2|brush_3|abacus_3|mincer_2|stapler_4|pipe_3|paperclip_4|slingshot_2|motorcycle_3|comb_4|garlic_4|harp_2|guitar_3|sofa_4|monitor_2|spoon_4|blackboard_2|glove_3|fan_3|washingmachine_2|truck_3|printer_4|triangleruler_4|screwdriver_2|laptop_3|racket_4|belt_3|watch_3|hairblower_2|popsicle_4|lighthouse_2|iron_4|bow_4|microscope_3|key_3
2019-04-08 12:10:01,2019-04-08 12:29:59,IP Address,*******,100,1198,True,2019-04-08 12:30:00,R_6rjPWBirsV594Nb,*******,*******,*******,*******,*******,*******,anonymous,ZH-S,24,男,普通话/国语,普通话/国语,高中/职高/中专,中国大陆,颗,没有,只,没有,把,没有,顶,没有,个,没有,个,没有,把,没有,台,没有,个,没有,把,没有,颗,没有,台,没有,把,没有,只,没有,把,没有,个,没有,把,没有,枚,没有,台,,颗,没有,台,没有,个,没有,只,没有,条,没有,台,没有,扇,没有,个,没有,台,没有,把,没有,个,没有,台,没有,条,没有,把,没有,块,没有,把,没有,颗,没有,个,没有,架,没有,台,没有,个,没有,台,没有,颗,没有,台,没有,个,没有,把,没有,台,没有,把,没有,台,没有,只,没有,台,没有,个,没有,座,没有,个,没有,顶,没有,台,没有,台,没有,台,没有,把,没有,个,没有,个,没有,台,没有,只,没有,台,没有,只,没有,40938,Unknown,belt_3|axe_2|triangleruler_4|spoon_4|plane_4|stapler_4|hairblower_2|screwdriver_2|iron_4|bracelet_3|slingshot_2|broom_2|laptop_3|draftingcompasses_4|microwave_2|brush_3|abacus_3|key_3|pipe_3|scissors_4|microscope_3|thermometer_3|balance_2|washingmachine_2|handfan_4|torch_2|motorcycle_3|guitar_3|nailclippers_2|lighthouse_2|watch_3|pakchoi_3|camera_3|piano_3|screwnut_4|woodendoor_2|printer_4|garlic_4|toothbrush_4|tie_3|tv_2|glove_3|mirror_3|sofa_4|hat_2|desklamp_3|comb_4|fan_3|paperclip_4|popsicle_4|coffeemachine_3|harp_2|racket_4|cabbage_2|blackboard_2|bicycle_2|telescope_2|bow_4|hammer_4|mincer_2|truck_3|monitor_2|silvermedal_2|egg_4
