StartDate,EndDate,Status,IPAddress,Progress,Duration (in seconds),Finished,RecordedDate,ResponseId,RecipientLastName,RecipientFirstName,RecipientEmail,ExternalReference,LocationLatitude,LocationLongitude,DistributionChannel,UserLanguage,participant_code,cabbage_2_qa,cabbage_2_qb,telescope_2_qa,telescope_2_qb,axe_2_qa,axe_2_qb,sofa_4_qa,sofa_4_qb,bracelet_3_qa,bracelet_3_qa,iron_4_qa,iron_4_qb,screwdriver_2_qa,screwdriver_2_qb,mincer_2_qa,mincer_2_qb,stapler_4_qa,stapler_4_qb,broom_2_qa,broom_2_qb,pakchoi_3_qa,pakchoi_3_qb,tv_2_qa,tv_2_qb,triangleruler_4_qa,triangleruler_4_qb,glove_3_qa,glove_3_qb,guitar_3_qa,guitar_3_qb,pipe_3_qa,pipe_3_qb,toothbrush_4_qa,toothbrush_4_qb,silvermedal_2_qa,silvermedal_2_qb,fan_3_qa,fan_3_qb,garlic_4_qa,garlic_4_qb,monitor_2_qa,monitor_2_qb,key_3_qa,key_3_qb,popsicle_4_qa,popsicle_4_qb,tie_3_qa,tie_3_qb,microscope_3_qa,microscope_3_qb,woodendoor_2_qa,woodendoor_2_qb,paperclip_4_qa,paperclip_4_qb,motorcycle_3_qa,motorcycle_3_qb,hammer_4_qa,hammer_4_qb,torch_2_qa,torch_2_qb,laptop_3_qa,laptop_3_qb,belt_3_qa,belt_3_qb,nailclippers_2_qa,nailclippers_2_qb,blackboard_2_qa,blackboard_2_qb,spoon_4_qa,spoon_4_qb,egg_4_qa,egg_4_qb,slingshot_2_qa,slingshot_2_qb,plane_4_qa,plane_4_qb,bicycle_2_qa,bicycle_2_qb,thermometer_3_qa,thermometer_3_qb,washingmachine_2_qa,washingmachine_2_qb,screwnut_4_qa,screwnut_4_qb,piano_3_qa,piano_3_qb,balance_2_qa,balance_2_qb,brush_3_qa,brush_3_qb,harp_2_qa,harp_2_qb,handfan_4_qa,handfan_4_qb,coffeemachine_3_qa,coffeemachine_3_qb,watch_3_qa,watch_3_qb,microwave_2_qa,microwave_2_qb,draftingcomp_4_qa,draftingcomp_4_qb,lighthouse_2_qa,lighthouse_qb,comb_4_qa,comb_4_qb,hat_2_qa,hat_2_qb,truck_3_qa,truck_3_qb,mirror_3_qa,mirror_3_qb,desklamp_3_qa,desklamp_3_qb,scissors_4_qa,scissors_4_qb,abacus_3_qa,abacus_3_qb,hairblower_2_qa,hairblower_2_qb,printer_4_qa,printer_4_qb,printer_4_qa,printer_4_qb,camera_3_qa,camera_3_qb,bow_4_qa,bow_4_qb,randomID,mincer_2_qa - Topics
Start Date,End Date,Response Type,IP Address,Progress,Duration (in seconds),Finished,Recorded Date,Response ID,Recipient Last Name,Recipient First Name,Recipient Email,External Data Reference,Location Latitude,Location Longitude,Distribution Channel,User Language,你的参与者代码是,"两__卷心菜
你更倾向用哪一个量词描述上面的图片？填你觉得最顺口的。","两__卷心菜


 

如果不用刚才你填的那个量词，还可以用哪一个量词？如果你觉得没有第二个合适的量词可以使用，填“没有”。","两__望远镜
你更倾向用哪一个量词描述上面的图片？填你觉得最顺口的。","两__望远镜

 

如果不用刚才你填的那个量词，还可以用哪一个量词？如果你觉得没有第二个合适的量词可以使用，填“没有”。","两__斧头
你更倾向用哪一个量词描述上面的图片？填你觉得最顺口的。","两__斧头
如果不用刚才你填的那个量词，还可以用哪一个量词？ 如果你觉得没有第二个合适的量词可以使用，填“没有”。","四__沙发
你更倾向用哪一个量词描述上面的图片？填你觉得最顺口的。","四__沙发
如果不用刚才你填的那个量词，还可以用哪一个量词？如果你觉得没有第二个合适的量词可以使用，填“没有”。","三__手镯
你更倾向用哪一个量词描述上面的图片？填你觉得最顺口的。","三__手镯
如果不用刚才你填的那个量词，还可以用哪一个量词？如果你觉得没有第二个合适的量词可以使用，填“没有”。","四__熨斗
你更倾向用哪一个量词描述上面的图片？填你觉得最顺口的。","四__熨斗
如果不用刚才你填的那个量词，还可以用哪一个量词？如果你觉得没有第二个合适的量词可以使用，填“没有”。","两__螺丝刀
你更倾向用哪一个量词描述上面的图片？填你觉得最顺口的。","两__螺丝刀
如果不用刚才你填的那个量词，还可以用哪一个量词？如果你觉得没有第二个合适的量词可以使用，填“没有”。","两__绞肉机
你更倾向用哪一个量词描述上面的图片？填你觉得最顺口的。","两__绞肉机
如果不用刚才你填的那个量词，还可以用哪一个量词？如果你觉得没有第二个合适的量词可以使用，填“没有”。","四__订书机
你更倾向用哪一个量词描述上面的图片？填你觉得最顺口的。","四__订书机
如果不用刚才你填的那个量词，还可以用哪一个量词？如果你觉得没有第二个合适的量词可以使用，填“没有”。","两__扫帚
你更倾向用哪一个量词描述上面的图片？填你觉得最顺口的。","两__扫帚
如果不用刚才你填的那个量词，还可以用哪一个量词？如果你觉得没有第二个合适的量词可以使用，填“没有”。","三__白菜

 
你更倾向用哪一个量词描述上面的图片？填你觉得最顺口的。","三__白菜

 

如果不用刚才你填的那个量词，还可以用哪一个量词？如果你觉得没有第二个合适的量词可以使用，填“没有”。","两__电视
你更倾向用哪一个量词描述上面的图片？填你觉得最顺口的。","两__电视
如果不用刚才你填的那个量词，还可以用哪一个量词？如果你觉得没有第二个合适的量词可以使用，填“没有”。","四__三角尺
你更倾向用哪一个量词描述上面的图片？填你觉得最顺口的。","四__三角尺
如果不用刚才你填的那个量词，还可以用哪一个量词？如果你觉得没有第二个合适的量词可以使用，填“没有”。","三__手套
你更倾向用哪一个量词描述上面的图片？填你觉得最顺口的。","三__手套
如果不用刚才你填的那个量词，还可以用哪一个量词？如果你觉得没有第二个合适的量词可以使用，填“没有”。","三__吉他
你更倾向用哪一个量词描述上面的图片？填你觉得最顺口的。","三__吉他
如果不用刚才你填的那个量词，还可以用哪一个量词？如果你觉得没有第二个合适的量词可以使用，填“没有”。","三__烟斗
你更倾向用哪一个量词描述上面的图片？填你觉得最顺口的。","三__烟斗
如果不用刚才你填的那个量词，还可以用哪一个量词？如果你觉得没有第二个合适的量词可以使用，填“没有”。","四__牙刷
你更倾向用哪一个量词描述上面的图片？填你觉得最顺口的。","四__牙刷
如果不用刚才你填的那个量词，还可以用哪一个量词？如果你觉得没有第二个合适的量词可以使用，填“没有”。","两__奖牌
你更倾向用哪一个量词描述上面的图片？填你觉得最顺口的。","两__奖牌
如果不用刚才你填的那个量词，还可以用哪一个量词？如果你觉得没有第二个合适的量词可以使用，填“没有”。","三__电风扇
你更倾向用哪一个量词描述上面的图片？填你觉得最顺口的。","三__电风扇
如果不用刚才你填的那个量词，还可以用哪一个量词？如果你觉得没有第二个合适的量词可以使用，填“没有”。","四__大蒜
你更倾向用哪一个量词描述上面的图片？填你觉得最顺口的。","四__大蒜
如果不用刚才你填的那个量词，还可以用哪一个量词？如果你觉得没有第二个合适的量词可以使用，填“没有”。","两__显示器
你更倾向用哪一个量词描述上面的图片？填你觉得最顺口的。","两__显示器
如果不用刚才你填的那个量词，还可以用哪一个量词？如果你觉得没有第二个合适的量词可以使用，填“没有”。","三__钥匙
你更倾向用哪一个量词描述上面的图片？填你觉得最顺口的。","三__钥匙
如果不用刚才你填的那个量词，还可以用哪一个量词？如果你觉得没有第二个合适的量词可以使用，填“没有”。","四__雪糕
你更倾向用哪一个量词描述上面的图片？填你觉得最顺口的。","四__雪糕
如果不用刚才你填的那个量词，还可以用哪一个量词？如果你觉得没有第二个合适的量词可以使用，填“没有”。","三__领带
你更倾向用哪一个量词描述上面的图片？填你觉得最顺口的。","三__领带
如果不用刚才你填的那个量词，还可以用哪一个量词？如果你觉得没有第二个合适的量词可以使用，填“没有”。","三__显微镜
你更倾向用哪一个量词描述上面的图片？填你觉得最顺口的。","三__显微镜
如果不用刚才你填的那个量词，还可以用哪一个量词？如果你觉得没有第二个合适的量词可以使用，填“没有”。","两__门
你更倾向用哪一个量词描述上面的图片？填你觉得最顺口的。","两__门
如果不用刚才你填的那个量词，还可以用哪一个量词？如果你觉得没有第二个合适的量词可以使用，填“没有”。","四__回形针
你更倾向用哪一个量词描述上面的图片？填你觉得最顺口的。","四__回形针
如果不用刚才你填的那个量词，还可以用哪一个量词？如果你觉得没有第二个合适的量词可以使用，填“没有”。","三__摩托车
你更倾向用哪一个量词描述上面的图片？填你觉得最顺口的。","三__摩托车
如果不用刚才你填的那个量词，还可以用哪一个量词？如果你觉得没有第二个合适的量词可以使用，填“没有”。","四__锤子
你更倾向用哪一个量词描述上面的图片？填你觉得最顺口的。","四__锤子
如果不用刚才你填的那个量词，还可以用哪一个量词？如果你觉得没有第二个合适的量词可以使用，填“没有”。","两__手电筒
你更倾向用哪一个量词描述上面的图片？填你觉得最顺口的。","两__手电筒
如果不用刚才你填的那个量词，还可以用哪一个量词？如果你觉得没有第二个合适的量词可以使用，填“没有”。","三__笔记本电脑
你更倾向用哪一个量词描述上面的图片？填你觉得最顺口的。","三__笔记本电脑
如果不用刚才你填的那个量词，还可以用哪一个量词？如果你觉得没有第二个合适的量词可以使用，填“没有”。","三__皮带
你更倾向用哪一个量词描述上面的图片？填你觉得最顺口的。","三__皮带
如果不用刚才你填的那个量词，还可以用哪一个量词？如果你觉得没有第二个合适的量词可以使用，填“没有”。","两__指甲钳
你更倾向用哪一个量词描述上面的图片？填你觉得最顺口的。","两__指甲钳
如果不用刚才你填的那个量词，还可以用哪一个量词？如果你觉得没有第二个合适的量词可以使用，填“没有”。","两__黑板
你更倾向用哪一个量词描述上面的图片？填你觉得最顺口的。","两__黑板
如果不用刚才你填的那个量词，还可以用哪一个量词？如果你觉得没有第二个合适的量词可以使用，填“没有”。","四__勺子
你更倾向用哪一个量词描述上面的图片？填你觉得最顺口的。","四__勺子
如果不用刚才你填的那个量词，还可以用哪一个量词？如果你觉得没有第二个合适的量词可以使用，填“没有”。","四__鸡蛋
你更倾向用哪一个量词描述上面的图片？填你觉得最顺口的。","四__鸡蛋
如果不用刚才你填的那个量词，还可以用哪一个量词？如果你觉得没有第二个合适的量词可以使用，填“没有”。","两__弹弓
你更倾向用哪一个量词描述上面的图片？填你觉得最顺口的。","两__弹弓
如果不用刚才你填的那个量词，还可以用哪一个量词？如果你觉得没有第二个合适的量词可以使用，填“没有”。","四__飞机
你更倾向用哪一个量词描述上面的图片？填你觉得最顺口的。","四__飞机
如果不用刚才你填的那个量词，还可以用哪一个量词？如果你觉得没有第二个合适的量词可以使用，填“没有”。","两__自行车

你更倾向用哪一个量词描述上面的图片？填你觉得最顺口的。","两__自行车
如果不用刚才你填的那个量词，还可以用哪一个量词？如果你觉得没有第二个合适的量词可以使用，填“没有”。","三__体温计
你更倾向用哪一个量词描述上面的图片？填你觉得最顺口的。","三__体温计
如果不用刚才你填的那个量词，还可以用哪一个量词？如果你觉得没有第二个合适的量词可以使用，填“没有”。","两__洗衣机
你更倾向用哪一个量词描述上面的图片？填你觉得最顺口的。","两__洗衣机
如果不用刚才你填的那个量词，还可以用哪一个量词？如果你觉得没有第二个合适的量词可以使用，填“没有”。","四__螺母
你更倾向用哪一个量词描述上面的图片？填你觉得最顺口的。","四__螺母
如果不用刚才你填的那个量词，还可以用哪一个量词？如果你觉得没有第二个合适的量词可以使用，填“没有”。","三__钢琴
你更倾向用哪一个量词描述上面的图片？填你觉得最顺口的。","三__钢琴
如果不用刚才你填的那个量词，还可以用哪一个量词？如果你觉得没有第二个合适的量词可以使用，填“没有”。","两__天平
你更倾向用哪一个量词描述上面的图片？填你觉得最顺口的。","两__天平
如果不用刚才你填的那个量词，还可以用哪一个量词？如果你觉得没有第二个合适的量词可以使用，填“没有”。","三__刷子
你更倾向用哪一个量词描述上面的图片？填你觉得最顺口的。","三__刷子
如果不用刚才你填的那个量词，还可以用哪一个量词？如果你觉得没有第二个合适的量词可以使用，填“没有”。","两__竖琴
你更倾向用哪一个量词描述上面的图片？填你觉得最顺口的。","两__竖琴
如果不用刚才你填的那个量词，还可以用哪一个量词？如果你觉得没有第二个合适的量词可以使用，填“没有”。","四__扇子
你更倾向用哪一个量词描述上面的图片？填你觉得最顺口的。","四__扇子
如果不用刚才你填的那个量词，还可以用哪一个量词？如果你觉得没有第二个合适的量词可以使用，填“没有”。","三__咖啡机
你更倾向用哪一个量词描述上面的图片？填你觉得最顺口的。","三__咖啡机
如果不用刚才你填的那个量词，还可以用哪一个量词？如果你觉得没有第二个合适的量词可以使用，填“没有”。","三__手表
你更倾向用哪一个量词描述上面的图片？填你觉得最顺口的。","三__手表
如果不用刚才你填的那个量词，还可以用哪一个量词？如果你觉得没有第二个合适的量词可以使用，填“没有”。","两__微波炉
你更倾向用哪一个量词描述上面的图片？填你觉得最顺口的。","两__微波炉
如果不用刚才你填的那个量词，还可以用哪一个量词？如果你觉得没有第二个合适的量词可以使用，填“没有”。","四__圆规
你更倾向用哪一个量词描述上面的图片？填你觉得最顺口的。","四__圆规
如果不用刚才你填的那个量词，还可以用哪一个量词？如果你觉得没有第二个合适的量词可以使用，填“没有”。","两__灯塔
你更倾向用哪一个量词描述上面的图片？填你觉得最顺口的。","两__灯塔
如果不用刚才你填的那个量词，还可以用哪一个量词？如果你觉得没有第二个合适的量词可以使用，填“没有”。","四__梳子
你更倾向用哪一个量词描述上面的图片？填你觉得最顺口的。","四__梳子
如果不用刚才你填的那个量词，还可以用哪一个量词？如果你觉得没有第二个合适的量词可以使用，填“没有”。","两__帽子
你更倾向用哪一个量词描述上面的图片？填你觉得最顺口的。","两__帽子
如果不用刚才你填的那个量词，还可以用哪一个量词？如果你觉得没有第二个合适的量词可以使用，填“没有”。","三__卡车
你更倾向用哪一个量词描述上面的图片？填你觉得最顺口的。","三__卡车
如果不用刚才你填的那个量词，还可以用哪一个量词？如果你觉得没有第二个合适的量词可以使用，填“没有”。","三__镜子
你更倾向用哪一个量词描述上面的图片？填你觉得最顺口的。","三__镜子
如果不用刚才你填的那个量词，还可以用哪一个量词？如果你觉得没有第二个合适的量词可以使用，填“没有”。","三__台灯
你更倾向用哪一个量词描述上面的图片？填你觉得最顺口的。","三__台灯
如果不用刚才你填的那个量词，还可以用哪一个量词？如果你觉得没有第二个合适的量词可以使用，填“没有”。","四__剪刀
你更倾向用哪一个量词描述上面的图片？填你觉得最顺口的。","四__剪刀
如果不用刚才你填的那个量词，还可以用哪一个量词？如果你觉得没有第二个合适的量词可以使用，填“没有”。","三__算盘
你更倾向用哪一个量词描述上面的图片？填你觉得最顺口的。","三__算盘
如果不用刚才你填的那个量词，还可以用哪一个量词？如果你觉得没有第二个合适的量词可以使用，填“没有”。","两__吹风机
你更倾向用哪一个量词描述上面的图片？填你觉得最顺口的。","两__吹风机
如果不用刚才你填的那个量词，还可以用哪一个量词？如果你觉得没有第二个合适的量词可以使用，填“没有”。","四__打印机
你更倾向用哪一个量词描述上面的图片？填你觉得最顺口的。","四__打印机
如果不用刚才你填的那个量词，还可以用哪一个量词？如果你觉得没有第二个合适的量词可以使用，填“没有”。","四__羽毛球拍
你更倾向用哪一个量词描述上面的图片？填你觉得最顺口的。","四__羽毛球拍
如果不用刚才你填的那个量词，还可以用哪一个量词？如果你觉得没有第二个合适的量词可以使用，填“没有”。","三__照相机
你更倾向用哪一个量词描述上面的图片？填你觉得最顺口的。","三__照相机
如果不用刚才你填的那个量词，还可以用哪一个量词？如果你觉得没有第二个合适的量词可以使用，填“没有”。","四__弓箭
你更倾向用哪一个量词描述上面的图片？填你觉得最顺口的。","四__弓箭
如果不用刚才你填的那个量词，还可以用哪一个量词？如果你觉得没有第二个合适的量词可以使用，填“没有”。",randomID,mincer_2_qa - Topics
"{""ImportId"":""startDate"",""timeZone"":""America/Denver""}","{""ImportId"":""endDate"",""timeZone"":""America/Denver""}","{""ImportId"":""status""}","{""ImportId"":""ipAddress""}","{""ImportId"":""progress""}","{""ImportId"":""duration""}","{""ImportId"":""finished""}","{""ImportId"":""recordedDate"",""timeZone"":""America/Denver""}","{""ImportId"":""_recordId""}","{""ImportId"":""recipientLastName""}","{""ImportId"":""recipientFirstName""}","{""ImportId"":""recipientEmail""}","{""ImportId"":""externalDataReference""}","{""ImportId"":""locationLatitude""}","{""ImportId"":""locationLongitude""}","{""ImportId"":""distributionChannel""}","{""ImportId"":""userLanguage""}","{""ImportId"":""QID274_TEXT""}","{""ImportId"":""QID3_TEXT""}","{""ImportId"":""QID282_TEXT""}","{""ImportId"":""QID234_TEXT""}","{""ImportId"":""QID236_TEXT""}","{""ImportId"":""QID12_TEXT""}","{""ImportId"":""QID14_TEXT""}","{""ImportId"":""QID17_TEXT""}","{""ImportId"":""QID19_TEXT""}","{""ImportId"":""QID238_TEXT""}","{""ImportId"":""QID240_TEXT""}","{""ImportId"":""QID25_TEXT""}","{""ImportId"":""QID27_TEXT""}","{""ImportId"":""QID29_TEXT""}","{""ImportId"":""QID31_TEXT""}","{""ImportId"":""QID34_TEXT""}","{""ImportId"":""QID36_TEXT""}","{""ImportId"":""QID38_TEXT""}","{""ImportId"":""QID40_TEXT""}","{""ImportId"":""QID42_TEXT""}","{""ImportId"":""QID44_TEXT""}","{""ImportId"":""QID46_TEXT""}","{""ImportId"":""QID48_TEXT""}","{""ImportId"":""QID50_TEXT""}","{""ImportId"":""QID52_TEXT""}","{""ImportId"":""QID54_TEXT""}","{""ImportId"":""QID56_TEXT""}","{""ImportId"":""QID58_TEXT""}","{""ImportId"":""QID60_TEXT""}","{""ImportId"":""QID62_TEXT""}","{""ImportId"":""QID64_TEXT""}","{""ImportId"":""QID66_TEXT""}","{""ImportId"":""QID68_TEXT""}","{""ImportId"":""QID70_TEXT""}","{""ImportId"":""QID72_TEXT""}","{""ImportId"":""QID74_TEXT""}","{""ImportId"":""QID76_TEXT""}","{""ImportId"":""QID78_TEXT""}","{""ImportId"":""QID80_TEXT""}","{""ImportId"":""QID82_TEXT""}","{""ImportId"":""QID84_TEXT""}","{""ImportId"":""QID86_TEXT""}","{""ImportId"":""QID88_TEXT""}","{""ImportId"":""QID90_TEXT""}","{""ImportId"":""QID92_TEXT""}","{""ImportId"":""QID94_TEXT""}","{""ImportId"":""QID96_TEXT""}","{""ImportId"":""QID98_TEXT""}","{""ImportId"":""QID100_TEXT""}","{""ImportId"":""QID246_TEXT""}","{""ImportId"":""QID248_TEXT""}","{""ImportId"":""QID106_TEXT""}","{""ImportId"":""QID108_TEXT""}","{""ImportId"":""QID102_TEXT""}","{""ImportId"":""QID104_TEXT""}","{""ImportId"":""QID110_TEXT""}","{""ImportId"":""QID112_TEXT""}","{""ImportId"":""QID114_TEXT""}","{""ImportId"":""QID116_TEXT""}","{""ImportId"":""QID118_TEXT""}","{""ImportId"":""QID120_TEXT""}","{""ImportId"":""QID122_TEXT""}","{""ImportId"":""QID124_TEXT""}","{""ImportId"":""QID126_TEXT""}","{""ImportId"":""QID128_TEXT""}","{""ImportId"":""QID130_TEXT""}","{""ImportId"":""QID132_TEXT""}","{""ImportId"":""QID134_TEXT""}","{""ImportId"":""QID136_TEXT""}","{""ImportId"":""QID138_TEXT""}","{""ImportId"":""QID140_TEXT""}","{""ImportId"":""QID142_TEXT""}","{""ImportId"":""QID144_TEXT""}","{""ImportId"":""QID250_TEXT""}","{""ImportId"":""QID252_TEXT""}","{""ImportId"":""QID146_TEXT""}","{""ImportId"":""QID148_TEXT""}","{""ImportId"":""QID150_TEXT""}","{""ImportId"":""QID152_TEXT""}","{""ImportId"":""QID154_TEXT""}","{""ImportId"":""QID156_TEXT""}","{""ImportId"":""QID158_TEXT""}","{""ImportId"":""QID160_TEXT""}","{""ImportId"":""QID254_TEXT""}","{""ImportId"":""QID256_TEXT""}","{""ImportId"":""QID162_TEXT""}","{""ImportId"":""QID164_TEXT""}","{""ImportId"":""QID166_TEXT""}","{""ImportId"":""QID168_TEXT""}","{""ImportId"":""QID170_TEXT""}","{""ImportId"":""QID172_TEXT""}","{""ImportId"":""QID258_TEXT""}","{""ImportId"":""QID260_TEXT""}","{""ImportId"":""QID174_TEXT""}","{""ImportId"":""QID176_TEXT""}","{""ImportId"":""QID178_TEXT""}","{""ImportId"":""QID180_TEXT""}","{""ImportId"":""QID182_TEXT""}","{""ImportId"":""QID184_TEXT""}","{""ImportId"":""QID186_TEXT""}","{""ImportId"":""QID188_TEXT""}","{""ImportId"":""QID190_TEXT""}","{""ImportId"":""QID192_TEXT""}","{""ImportId"":""QID262_TEXT""}","{""ImportId"":""QID264_TEXT""}","{""ImportId"":""QID194_TEXT""}","{""ImportId"":""QID196_TEXT""}","{""ImportId"":""QID198_TEXT""}","{""ImportId"":""QID200_TEXT""}","{""ImportId"":""QID202_TEXT""}","{""ImportId"":""QID204_TEXT""}","{""ImportId"":""QID266_TEXT""}","{""ImportId"":""QID268_TEXT""}","{""ImportId"":""QID206_TEXT""}","{""ImportId"":""QID208_TEXT""}","{""ImportId"":""QID210_TEXT""}","{""ImportId"":""QID212_TEXT""}","{""ImportId"":""QID214_TEXT""}","{""ImportId"":""QID216_TEXT""}","{""ImportId"":""QID218_TEXT""}","{""ImportId"":""QID220_TEXT""}","{""ImportId"":""QID222_TEXT""}","{""ImportId"":""QID224_TEXT""}","{""ImportId"":""QID226_TEXT""}","{""ImportId"":""QID228_TEXT""}","{""ImportId"":""QID270_TEXT""}","{""ImportId"":""QID272_TEXT""}","{""ImportId"":""QID230_TEXT""}","{""ImportId"":""QID232_TEXT""}","{""ImportId"":""randomID""}","{""ImportId"":""QID34_TEXT_ad024ec4d0b44e79820e2ad3Topics""}"
2019-04-29 10:23:40,2019-04-29 10:35:05,0,*******,100,685,1,2019-04-29 10:35:06,R_2feOuQuUjTJtNZP,*******,*******,*******,*******,*******,*******,anonymous,ZH-S,104,颗,个,架,座,把,柄,个,没有,枚,个,个,枚,把,个,座,个,个,没有,把,没有,颗,枚,台,没有,个,枚,个,没有,把,个,只,把,把,没有,枚,没有,台,盏,颗,枚,台,没有,把,枚,个,枚,条,枚,架,座,扇,个,枚,个,辆,个,把,柄,把,个,本,个,条,没有,枚,个,个,没有,把,个,枚,颗,张,把,架,个,辆,架,枚,把,台,个,枚,颗,架,个,座,盏,把,枚,架,座,把,枚,个,把,个,枚,只,个,架,枚,座,顶,把,枚,顶,个,辆,没有,个,枚,盏,个,把,柄,把,没有,把,枚,台,个,把,没有,个,没有,张,把,69031,Unknown
2019-04-29 11:28:29,2019-04-29 11:39:27,0,*******,100,658,1,2019-04-29 11:39:28,R_1LTpPZf6v3bak4a,*******,*******,*******,*******,*******,*******,anonymous,ZH-S,105,只,个,台,架,把,个,个,只,只,个,个,只,把,个,台,没有,个,只,把,只,只,根,台,个,把,个,只,个,把,个,只,个,把,只,个,只,台,个,只,个,台,个,把,个,根,只,条,个,台,个,扇,个,个,只,辆,没有,只,个,盏,个,台,个,根,条,个,没有,个,没有,把,只,个,只,个,只,架,没有,辆,没有,根,只,台,个,只,个,架,台,个,没有,把,只,架,台,把,没有,台,个,根,只,台,个,把,个,座,个,把,只,顶,只,辆,没有,把,个,盏,个,把,个,个,没有,个,没有,台,个,个,没有,台,个,把,没有,24358,Unknown
2019-04-29 12:19:08,2019-04-29 12:39:10,0,*******,100,1201,1,2019-04-29 12:39:11,R_1k2i6NDX199HEK2,*******,*******,*******,*******,*******,*******,anonymous,ZH-S,106,包菜,没有,望远镜,没有,斧头,没有,沙发,没有,手镯,没有,电烫斗,熨斗,螺丝刀,没有,绞肉机,没有,订书机,没有,扫把,扫帚,青菜,白菜,电视机,电视,尺子,三角尺,手套,没有,吉他,没有,烟斗,没有,牙刷,没有,奖牌,没有,电风扇,电扇,大蒜,蒜头,显示器,没有,钥匙,没有,冰淇淋,雪糕,领带,没有,显微镜,没有,门,没有,回形针,别针,摩托车,摩托,锤子,没有,电筒,手电筒,笔记本电脑,笔记本,皮带,没有,指甲钳,指甲剪,黑板,没有,勺子,汤匙,鸡蛋,蛋,弹弓,没有,飞机,没有,单车,自行车,体温计,体温针,洗衣机,没有,螺丝帽,螺母,钢琴,没有,天平,没有,刷子,没有,琴,竖琴,扇子,折扇,咖啡机,没有,手表,没有,微波炉,没有,圆规,没有,灯塔,没有,梳子,没有,帽子,牛仔帽,卡车,货车,镜子,没有,台灯,没有,剪刀,没有,算盘,没有,吹风机,吹风筒,打印机,没有,球拍,羽毛球拍,照相机,相机,弓,弓箭,36724,Unknown
2019-04-30 07:26:37,2019-04-30 07:35:12,0,*******,100,515,1,2019-04-30 07:35:13,R_zUSaasgjW4byhB7,*******,*******,*******,*******,*******,*******,anonymous,ZH-S,107,个,没有,个,台,把,个,个,没有,个,没有,个,台,把,个,个,台,个,没有,把,个,个,颗,"台 ",个,把,个,个,支,个,把,支,个,个,支,个,枚,扇,架,个,台,台,个,把,个,个,支,条,个,台,架,扇,个,个,没有,个,辆,把,个,个,没有,台,个,条,个,个,把,个,面,个,支,个,没有,把,个,架,个,个,辆,个,支,个,台,个,没有,架,个,个,架,个,没有,个,台,把,个,个,台,个,支,个,台,个,没有,个,座,把,个,个,没有,辆,个,面,个,盏,个,个,把,个,没有,个,没有,个,台,个,没有,个,台,把,张,51253,Unknown
2019-04-30 08:19:51,2019-04-30 08:36:55,0,*******,100,1023,1,2019-04-30 08:36:55,R_2dhlxFKIK6PRNAk,*******,*******,*******,*******,*******,*******,anonymous,ZH-S,108,个,没有,台,架,把,个,个,没有,只,个,台,个,个,没有,台,架,个,台,把,个,把,个,台,个,把,个,只,个,架,个,只,个,只,个,块,只,台,架,把,个,台,个,个,没有,只,个,条,个,台,架,扇,没有,个,只,辆,台,把,个,个,只,台,个,条,没有,个,只,块,个,个,把,个,只,个,只,架,没有,辆,没有,个,只,台,个,个,只,架,台,台,架,把,没有,架,个,把,面,台,个,只,个,台,个,把,个,座,个,把,个,顶,个,辆,台,面,没有,顶,个,把,个,把,个,台,个,台,架,只,个,台,个,只,个,33818,Unknown
2019-04-30 09:28:29,2019-04-30 09:38:23,0,*******,100,593,1,2019-04-30 09:38:24,R_3luLdfM096Q68TV,*******,*******,*******,*******,*******,*******,anonymous,ZH-S,109,个,颗,台,架,把,支,个,支,个,支,支,把,把,支,台,个,支,个,把,个,颗,个,台,架,把,个,只,个,个,把,个,支,支,把,枚,颗,台,扇,头,颗,台,个,把,副,支,个,条,个,台,个,扇,个,个,支,架,台,把,支,支,把,台,个,条,个,把,个,块,面,只,把,颗,个,支,个,架,台,架,台,支,个,架,个,个,没有,架,台,台,架,把,支,把,台,把,个,台,个,支,个,台,个,支,把,个,架,把,只,个,顶,架,台,面,扇,只,个,把,支,把,支,个,只,台,个,个,把,个,台,个,把,91235,Unknown
2019-04-30 10:12:38,2019-04-30 10:26:12,0,*******,100,814,1,2019-04-30 10:26:13,R_2t4rMO9MTlAumFh,*******,*******,*******,*******,*******,*******,anonymous,ZH-S,110,个,颗,架,台,把,个,个,台,个,只,个,台,个,把,个,台,个,台,把,个,颗,个,台,个,个,把,只,个,把,没有,个,只,个,把,块,枚,个,台,个,颗,个,台,把,个,个,只,条,个,台,个,个,扇,个,只,辆,架,个,把,个,把,个,台,条,个,个,只,个,块,个,只,个,只,个,只,个,架,辆,个,个,只,个,台,个,只,架,台,个,座,个,把,把,台,个,把,个,台,个,块,个,台,只,个,个,座,把,只,个,顶,辆,台,个,没有,个,盏,把,个,个,副,个,台,个,台,个,支,个,台,个,把,98957,Unknown
2019-05-01 11:29:41,2019-05-01 11:39:14,0,*******,100,572,1,2019-05-01 11:39:14,R_2WOaD14BB2YGFGw,*******,*******,*******,*******,*******,*******,anonymous,ZH-S,111,个,没有,个,台,个,把,个,没有,个,没有,个,没有,把,个,个,台,个,没有,把,个,个,没有,个,台,个,把,个,没有,个,把,个,支,把,个,块,个,个,台,头,个,台,个,个,没有,根,个,个,条,个,台,扇,个,个,没有,辆,台,个,把,个,把,台,个,条,个,个,把,个,面,把,个,个,没有,个,把,架,个,辆,个,支,个,个,台,个,没有,架,个,个,没有,把,支,个,架,把,个,个,台,块,个,个,台,把,个,座,个,把,个,个,顶,辆,个,个,面,个,没有,把,个,个,把,个,把,个,台,个,没有,台,个,支,个,83657,Unknown
2019-05-02 08:42:54,2019-05-02 08:50:32,0,*******,100,457,1,2019-05-02 08:50:32,R_OBgxNNpkIaMHKGl,*******,*******,*******,*******,*******,*******,anonymous,ZH-S,112,颗,没有,盏,台,把,柄,个,没有,枚,没有,个,没有,把,没有,台,没有,个,没有,个,没有,颗,没有,台,没有,把,枚,枚,没有,把,没有,个,没有,把,没有,块,块,台,没有,颗,个,台,没有,把,枚,根,没有,条,枚,台,没有,扇,没有,枚,颗,辆,架,柄,把,把,柄,台,没有,条,根,个,枚,块,没有,柄,把,枚,个,把,没有,架,台,辆,架,支,个,台,没有,枚,颗,台,架,盏,没有,把,没有,把,台,把,枚,台,没有,块,支,台,没有,把,没有,个,没有,把,没有,顶,没有,辆,台,盏,把,盏,没有,把,没有,把,没有,台,把,台,没有,把,没有,台,没有,把,没有,68642,Unknown
2019-05-02 09:23:14,2019-05-02 09:33:58,0,*******,100,643,1,2019-05-02 09:33:58,R_2ctEQEeiyVuOSLU,*******,*******,*******,*******,*******,*******,anonymous,ZH-S,113,个,没有,架,台,把,个,座,个,只,个,台,个,把,个,台,没有,只,个,把,个,把,个,台,个,只,个,只,个,只,把,只,个,只,个,枚,个,台,个,只,个,台,没有,只,个,个,只,条,个,台,个,扇,个,枚,个,台,个,把,个,只,个,台,个,条,个,个,没有,个,没有,只,个,只,个,把,个,架,没有,辆,个,只,个,台,个,枚,个,架,个,座,个,把,个,架,个,把,个,台,个,只,个,台,个,个,没有,座,个,把,个,顶,个,辆,个,面,只,台,个,把,个,架,个,只,个,台,个,把,个,架,个,把,个,76089,Unknown
2019-05-02 10:24:21,2019-05-02 10:33:42,0,*******,100,560,1,2019-05-02 10:33:43,R_2rpX6wRqlfQd4f7,*******,*******,*******,*******,*******,*******,anonymous,ZH-S,114,个,没有,台,没有,个,没有,个,没有,只,没有,个,没有,把,没有,台,个,个,没有,把,没有,颗,没有,台,个,把,个,双,只,把,没有,只,没有,把,支,枚,个,架,个,只,颗,个,台,把,没有,个,块,个,条,个,没有,扇,没有,个,只,架,个,把,个,个,只,个,台,只,没有,把,个,个,面,把,个,个,枚,个,没有,架,没有,辆,没有,个,没有,台,没有,个,没有,架,没有,个,没有,柄,个,架,个,面,没有,台,个,只,个,个,台,个,只,个,没有,把,没有,顶,只,辆,个,面,个,个,架,把,没有,个,没有,个,没有,个,只,个,只,架,个,个,没有,87921,Unknown
2019-05-04 07:41:01,2019-05-04 07:55:34,0,*******,100,872,1,2019-05-04 07:55:34,R_yCHRwBU4d2c78UF,*******,*******,*******,*******,*******,*******,anonymous,ZH-S,115,个,头,台,架,把,支,个,台,只,个,台,个,把,支,台,架,个,把,把,条,颗,没有,台,个,把,个,只,个,把,只,个,支,把,只,面,只,台,架,颗,头,台,个,把,没有,支,根,条,没有,台,架,扇,个,个,没有,台,辆,把,只,支,把,台,个,条,没有,把,个,块,面,把,支,颗,个,架,只,架,没有,辆,架,个,把,台,没有,个,没有,架,台,架,个,个,把,把,没有,把,面,台,架,块,个,台,架,把,支,座,个,把,只,顶,只,辆,台,面,把,台,个,把,没有,把,个,台,个,台,个,个,支,架,个,把,没有,16090,Unknown
2019-05-04 08:43:49,2019-05-04 08:56:33,0,*******,100,764,1,2019-05-04 08:56:34,R_3GrduX6fxW2JV8D,*******,*******,*******,*******,*******,*******,anonymous,ZH-S,116,个,没有,台,个,把,个,个,没有,只,个,个,没有,个,把,台,没有,只,个,把,只,支,捆,台,个,把,个,只,个,把,个,支,没有,把,只,块,个,台,个,只,个,台,个,把,个,支,没有,条,个,台,个,扇,没有,个,没有,辆,没有,把,个,只,个,台,个,条,个,个,没有,块,个,把,只,个,没有,把,个,架,个,辆,没有,支,个,台,个,个,没有,台,个,个,没有,把,没有,台,架,把,个,个,没有,块,只,台,个,个,没有,座,个,把,没有,顶,个,辆,个,面,个,个,没有,把,没有,把,个,个,没有,台,个,个,只,台,个,把,个,76843,Unknown
2019-05-04 09:18:03,2019-05-04 09:27:48,0,*******,100,585,1,2019-05-04 09:27:49,R_09c5bxOROtuhLVv,*******,*******,*******,*******,*******,*******,anonymous,ZH-S,117,颗,个,台,个,把,座,个,台,把,只,台,个,把,只,台,座,只,台,把,只,颗,个,台,座,块,只,只,个,把,只,只,个,把,没有,枚,没有,座,把,颗,个,台,座,把,只,条,只,把,条,台,座,扇,没有,只,没有,辆,台,把,只,把,只,台,座,条,没有,把,个,块,台,只,把,个,只,把,只,架,台,架,台,把,只,台,没有,只,个,台,座,把,台,把,只,台,把,把,面,台,座,只,块,座,台,只,个,座,个,把,只,顶,个,台,辆,把,面,个,座,把,没有,把,个,把,座,台,座,把,只,台,座,只,把,12012,Unknown
2019-05-04 10:27:31,2019-05-04 10:36:09,0,*******,100,517,1,2019-05-04 10:36:09,R_1BWxkwdyJyDGMTW,*******,*******,*******,*******,*******,*******,anonymous,ZH-S,118,颗,个,架,个,把,支,个,没有,只,个,台,个,把,个,台,个,只,台,把,支,颗,个,台,个,把,个,只,个,把,只,支,个,把,支,块,个,台,个,个,没有,台,个,把,个,支,个,条,个,台,个,扇,个,只,个,辆,架,把,只,支,个,台,个,条,根,只,没有,面,个,把,个,个,颗,只,个,架,个,辆,个,只,个,台,个,只,个,架,台,架,个,把,个,把,架,把,面,台,个,只,没有,台,个,只,个,座,个,把,只,只,个,辆,没有,面,没有,座,个,把,个,把,个,只,个,台,个,把,支,台,个,把,只,58436,Unknown
2019-05-04 13:06:18,2019-05-04 13:18:02,0,*******,100,704,1,2019-05-04 13:18:03,R_9ZgYFzYzTEmZSwh,*******,*******,*******,*******,*******,*******,anonymous,ZH-S,119,个,没有,架,个,把,没有,个,没有,个,没有,个,没有,把,个,台,没有,把,个,把,个,根,个,台,没有,把,个,只,个,把,台,个,没有,把,个,枚,个,台,个,头,没有,台,个,把,个,根,没有,个,条,台,个,个,扇,个,没有,台,个,把,个,个,没有,个,台,个,条,把,个,块,个,把,个,个,只,个,没有,架,个,个,台,把,个,台,没有,个,只,架,没有,个,架,把,个,架,个,把,没有,台,个,块,个,个,没有,把,个,座,没有,把,个,顶,个,辆,没有,个,面,个,没有,把,个,个,没有,个,没有,个,没有,个,把,台,部,个,架,29886,Unknown
2019-05-06 09:22:45,2019-05-06 09:30:58,0,*******,100,492,1,2019-05-06 09:30:58,R_3rFWcY4eWfj5iX1,*******,*******,*******,*******,*******,*******,anonymous,ZH-S,120,颗,个,架,个,把,个,个,没有,个,没有,个,没有,把,没有,台,个,个,没有,把,根,颗,个,台,个,把,没有,个,支,把,个,个,根,把,支,枚,个,台,个,个,颗,台,没有,把,个,根,条,条,根,台,个,扇,道,个,没有,台,辆,个,没有,把,个,个,台,根,没有,把,个,个,架,根,个,个,没有,把,个,架,没有,辆,没有,支,个,台,没有,个,没有,架,台,把,台,把,没有,把,台,把,个,个,没有,块,只,台,个,把,根,个,座,把,支,顶,只,辆,个,台,个,盏,座,支,个,个,没有,把,支,台,个,根,个,台,个,把,没有,90466,Unknown
2019-05-06 10:20:02,2019-05-06 10:33:37,0,*******,100,814,1,2019-05-06 10:33:37,R_1iaqLu0Qgh2Ak6I,*******,*******,*******,*******,*******,*******,anonymous,ZH-S,121,个,颗,台,枚,把,没有,个,没有,个,只,台,个,把,枚,台,个,个,枚,支,把,只,颗,台,没有,把,枚,只,没有,把,只,支,个,把,支,枚,个,个,台,个,没有,台,个,把,没有,枚,个,只,条,台,枚,扇,没有,个,没有,辆,台,把,支,把,支,台,个,条,枚,把,没有,个,没有,只,枚,个,枚,个,枚,只,个,台,个,支,个,台,没有,枚,个,台,个,个,台,把,个,把,只,把,只,台,个,只,个,台,没有,只,个,座,个,把,支,顶,只,辆,台,支,个,只,个,把,只,个,没有,个,没有,台,个,支,把,台,个,支,没有,51756,Unknown
2019-05-06 11:19:22,2019-05-06 11:28:25,0,*******,100,543,1,2019-05-06 11:28:26,R_0p5X9EyL2dhpTfX,*******,*******,*******,*******,*******,*******,anonymous,ZH-S,122,个,没有,台,架,把,柄,个,条,只,个,个,台,把,个,台,个,个,没有,把,只,个,没有,台,个,把,个,只,个,把,个,个,柄,把,个,块,个,台,个,头,个,台,架,把,个,只,个,条,个,台,架,扇,个,个,只,架,台,把,柄,把,个,台,个,条,个,个,只,块,个,把,个,个,只,柄,个,架,个,辆,架,只,个,台,架,个,没有,台,架,座,只,把,个,把,架,把,个,台,个,块,个,台,个,把,个,座,个,把,没有,顶,只,辆,个,面,个,座,个,把,个,台,把,把,个,台,个,把,个,台,个,把,条,67026,Unknown
2019-05-06 12:15:00,2019-05-06 12:22:32,0,*******,100,452,1,2019-05-06 12:22:32,R_2dnW1VRuA5YPzRf,*******,*******,*******,*******,*******,*******,anonymous,ZH-S,123,个,棵,台,个,把,没有,个,没有,块,个,个,台,把,个,台,个,个,没有,个,没有,颗,个,台,个,个,把,只,个,个,没有,个,没有,个,没有,块,个,架,个,头,个,台,个,个,把,个,块,个,没有,台,个,扇,个,个,枚,台,架,个,没有,个,块,台,个,个,条,把,个,块,个,个,把,个,颗,个,没有,架,个,个,架,个,没有,台,台,个,没有,台,架,个,座,个,把,架,个,把,个,个,台,块,个,台,个,个,块,座,个,把,个,顶,个,架,个,台,个,盏,个,把,个,个,没有,台,个,台,个,个,把,个,架,把,个,20038,Unknown
2019-05-07 07:30:19,2019-05-07 07:44:10,0,*******,100,830,1,2019-05-07 07:44:10,R_3IadnoOdvndQ6Ub,*******,*******,*******,*******,*******,*******,anonymous,ZH-S,124,颗,个,架,台,柄,支,个,尊,个,条,支,个,柄,个,台,个,个,台,个,柄,颗,份,台,架,把,柄,个,枚,把,架,支,个,支,枚,枚,个,台,架,头,个,台,个,把,支,支,个,条,个,个,台,扇,没有,枚,个,台,辆,柄,把,个,支,个,个,根,支,柄,把,架,个,枚,个,个,枚,柄,架,架,台,辆,个,支,个,台,个,个,粒,架,台,架,台,把,柄,个,台,把,柄,台,个,支,枚,台,个,柄,个,个,座,把,柄,顶,支,辆,台,个,架,盏,个,个,柄,台,个,支,个,台,个,个,柄,架,台,张,个,10939,Unknown
2019-05-07 08:35:49,2019-05-07 08:46:08,0,*******,100,618,1,2019-05-07 08:46:08,R_3qjwgG3v4LhRQKm,*******,*******,*******,*******,*******,*******,anonymous,ZH-S,125,个,没有,个,没有,个,把,个,没有,个,没有,个,没有,个,把,个,没有,个,没有,个,把,个,颗,个,台,个,把,个,没有,个,把,个,支,个,支,个,枚,个,没有,个,头,个,台,个,把,条,支,个,条,个,台,个,扇,个,没有,个,台,个,把,个,把,个,台,个,条,个,没有,个,没有,个,把,个,枚,个,把,个,台,个,辆,个,条,个,台,个,枚,个,台,个,盏,个,把,个,把,个,把,个,台,个,没有,个,没有,个,支,个,盏,个,把,个,扇,个,辆,面,个,个,盏,个,把,个,把,个,没有,个,没有,个,把,个,没有,个,支,76209,Unknown
2019-05-07 09:19:44,2019-05-07 09:28:28,0,*******,100,524,1,2019-05-07 09:28:29,R_1PXV6vWMa56lIf7,*******,*******,*******,*******,*******,*******,anonymous,ZH-S,126,颗,个,台,座,把,个,个,没有,个,没有,台,个,个,把,个,台,个,台,把,个,颗,个,台,个,把,个,个,只,把,台,个,没有,把,副,颗,个,台,个,颗,个,台,个,把,枚,个,没有,条,个,台,个,扇,开,颗,枚,辆,台,把,个,把,个,台,个,条,个,个,没有,个,没有,把,个,枚,个,个,把,架,个,辆,个,个,没有,个,台,颗,个,台,个,个,座,把,副,个,没有,把,展,个,没有,个,颗,个,没有,个,把,座,个,把,个,顶,个,辆,个,面,台,顶,座,把,个,个,没有,个,把,台,个,个,把,台,个,把,个,74987,Unknown
2019-05-07 10:24:54,2019-05-07 10:36:13,0,*******,100,678,1,2019-05-07 10:36:13,R_2YLGLMgJJiJwiDw,*******,*******,*******,*******,*******,*******,anonymous,ZH-S,127,颗,个,台,架,把,个,台,个,个,副,个,没有,把,个,台,架,个,台,把,个,颗,个,座,个,把,个,个,没有,把,个,个,没有,把,个,个,颗,台,架,头,个,台,个,把,副,块,个,条,副,台,架,扇,个,颗,个,台,个,把,个,个,把,台,个,条,个,个,把,张,架,个,把,颗,个,把,个,架,个,架,台,个,没有,台,个,颗,个,架,台,座,个,把,个,架,把,把,个,台,个,块,副,台,个,把,个,座,个,把,个,顶,个,辆,个,面,个,架,个,把,个,副,个,台,架,台,个,把,个,个,架,把,个,17790,Unknown
2019-05-07 11:29:56,2019-05-07 11:38:26,0,*******,100,510,1,2019-05-07 11:38:27,R_6P7h7IUo1E79ByF,*******,*******,*******,*******,*******,*******,anonymous,ZH-S,128,个,没有,台,个,把,个,个,没有,附,个,个,台,把,个,个,没有,个,没有,把,个,个,没有,台,个,把,个,个,没有,把,个,把,枚,把,个,块,个,台,个,个,枚,台,个,把,个,个,没有,条,个,个,台,扇,个,个,枚,台,辆,把,个,把,个,台,个,条,个,把,个,块,个,把,个,个,枚,个,把,台,个,台,辆,把,个,台,个,个,枚,台,个,个,台,把,个,个,台,把,个,台,个,块,个,个,台,个,没有,个,没有,把,个,顶,个,辆,台,面,个,个,没有,把,个,个,附,个,台,个,台,把,个,台,个,把,个,26494,Unknown
2019-05-09 07:25:27,2019-05-09 07:38:11,0,*******,100,764,1,2019-05-09 07:38:12,R_1FfCLSJIyeuZ1Rs,*******,*******,*******,*******,*******,*******,anonymous,ZH-S,129,个,没有,个,架,把,柄,个,没有,个,没有,个,没有,把,个,个,台,个,没有,把,没有,个,没有,台,个,个,没有,个,没有,把,个,个,没有,把,个,枚,个,个,没有,头,个,台,个,把,个,个,根,个,没有,个,没有,扇,个,个,枚,辆,个,个,把,个,没有,台,个,条,个,个,把,个,面,个,没有,个,枚,个,把,架,个,个,辆,个,根,台,个,个,枚,架,台,个,座,把,个,个,没有,把,个,个,没有,个,块,个,台,个,没有,个,座,个,把,个,顶,辆,个,个,面,个,盏,把,个,个,没有,个,没有,个,台,个,把,个,没有,把,个,29901,Unknown
2019-05-09 08:23:01,2019-05-09 08:39:30,0,*******,100,989,1,2019-05-09 08:39:31,R_1gisdAm7psOQs5D,*******,*******,*******,*******,*******,*******,anonymous,ZH-S,130,个,没有,台,个,个,把,个,台,支,个,个,只,支,个,台,个,台,个,把,个,个,枚,台,个,个,块,只,个,支,台,只,个,支,个,枚,块,台,个,个,瓣,台,个,只,个,支,个,条,没有,台,个,个,没有,个,只,辆,个,把,个,支,个,台,个,条,没有,个,没有,块,个,把,支,枚,个,个,没有,架,个,辆,没有,只,个,台,没有,个,枚,台,个,台,个,把,支,只,台,把,个,台,没有,枚,块,台,个,支,个,座,个,把,个,顶,个,辆,个,面,个,座,个,把,个,个,没有,个,只,台,个,支,没有,只,个,支,个,75297,Unknown
2019-05-09 09:18:16,2019-05-09 09:27:46,0,*******,100,570,1,2019-05-09 09:27:47,R_1QfuyvdsYbMiwuJ,*******,*******,*******,*******,*******,*******,anonymous,ZH-S,131,颗,个,台,个,把,个,个,没有,个,没有,台,个,把,个,台,个,台,个,个,把,颗,个,台,个,把,个,个,没有,台,个,个,没有,把,个,枚,个,台,个,颗,个,台,个,把,个,个,没有,条,没有,台,个,扇,个,枚,个,辆,台,把,个,台,个,台,个,条,没有,个,没有,块,个,把,个,个,没有,把,个,架,台,辆,架,个,没有,台,个,个,没有,台,架,台,个,把,个,架,台,把,没有,台,个,块,个,台,个,个,台,座,个,把,个,顶,个,台,辆,面,台,盏,个,把,个,个,没有,台,个,台,个,个,没有,台,个,把,个,94584,Unknown
2019-05-09 10:26:36,2019-05-09 10:38:09,0,*******,100,692,1,2019-05-09 10:38:10,R_11bAWKmCW6z8hRT,*******,*******,*******,*******,*******,*******,anonymous,ZH-S,132,颗,个,台,个,把,个,只,个,只,个,把,个,把,个,台,个,个,没有,把,个,颗,个,台,个,把,个,只,个,把,个,只,个,把,支,枚,个,台,个,头,颗,台,个,把,个,支,个,条,支,台,个,扇,面,枚,个,辆,个,把,个,把,个,台,个,条,个,把,个,张,个,把,只,枚,个,把,张,架,个,辆,个,个,没有,台,个,个,没有,架,台,台,个,把,个,架,个,把,面,台,个,只,个,台,个,只,个,个,没有,把,个,顶,只,台,辆,面,个,盏,台,把,支,个,没有,把,个,台,个,只,个,台,个,张,个,40650,Unknown
2019-05-09 11:15:48,2019-05-09 11:27:26,0,*******,100,697,1,2019-05-09 11:27:27,R_3M4EhAJpRqlFe1b,*******,*******,*******,*******,*******,*******,anonymous,ZH-S,133,颗,个,架,台,把,个,个,没有,个,块,个,没有,个,支,台,架,把,个,把,根,颗,株,台,个,把,个,个,没有,把,个,个,把,支,个,块,面,台,个,头,个,台,个,枚,个,个,支,条,副,台,架,扇,个,枚,个,辆,台,把,个,个,只,台,本,条,副,个,没有,块,面,个,把,个,颗,把,个,架,个,辆,台,个,支,台,个,个,颗,架,台,个,台,把,个,把,个,把,个,台,个,块,个,台,个,把,个,座,个,把,没有,顶,个,辆,个,面,个,个,座,把,个,个,张,个,把,台,个,个,块,个,台,把,张,21114,Unknown
2019-05-13 09:21:35,2019-05-13 09:44:08,8,*******,100,1353,1,2019-05-13 10:00:38,R_vvEsCvgL6h3Lial,*******,*******,*******,*******,*******,*******,anonymous,ZH-S,134,包,个,架,台,把,只,个,座,只,个,把,个,把,个,个,台,台,个,把,个,颗,没有,台,架,把,块,只,个,把,没有,个,只,把,个,块,个,台,架,颗,个,台,座,把,没有,支,个,条,没有,架,台,座,架,个,没有,架,辆,个,把,把,个,台,个,条,没有,把,个,块,个,个,把,个,没有,把,个,架,个,辆,架,支,个,台,没有,个,没有,架,没有,架,台,把,个,把,架,面,把,台,个,块,只,台,部,把,架,座,栋,把,个,顶,个,辆,架,面,块,个,没有,把,没有,把,个,个,台,台,架,把,个,台,个,把,套,45399,Unknown
2019-05-13 10:04:56,2019-05-13 10:15:41,0,*******,100,644,1,2019-05-13 10:15:41,R_24N3g3QJvrzTfe1,*******,*******,*******,*******,*******,*******,anonymous,ZH-S,135,个,没有,台,个,把,个,把,个,支,个,台,个,把,个,台,个,个,没有,把,个,个,没有,台,个,把,个,个,没有,把,个,个,没有,把,只,个,枚,台,个,个,没有,台,个,把,只,支,个,条,个,台,个,扇,没有,把,个,架,台,支,把,只,个,台,个,条,个,把,个,台,个,把,个,个,没有,支,个,架,没有,台,个,支,个,台,个,只,个,台,个,把,个,把,个,架,台,把,个,台,个,支,个,台,个,支,个,个,没有,把,个,顶,个,辆,个,把,个,台,没有,把,个,把,个,台,个,台,个,把,个,台,个,把,个,21096,Unknown
2019-09-25 11:28:48,2019-09-25 11:39:44,0,*******,100,656,1,2019-09-25 11:39:45,R_xl1ks06AQLwgztL,*******,*******,*******,*******,*******,*******,anonymous,ZH-S,999,个,没有,台,个,把,个,个,座,个,没有,台,个,个,没有,个,台,个,没有,个,把,个,没有,台,个,把,个,个,只,把,个,个,没有,个,把,枚,个,台,个,个,没有,台,个,个,把,个,没有,个,枚,台,个,扇,个,个,枚,台,辆,个,把,个,没有,台,个,个,条,个,没有,张,个,个,没有,个,没有,个,没有,架,个,辆,个,个,没有,台,个,个,枚,台,架,盏,台,把,个,座,个,个,没有,台,个,块,个,台,个,个,没有,座,个,个,把,顶,个,辆,台,个,面,盏,个,把,个,个,没有,台,个,台,个,个,没有,个,没有,个,没有,33371,
2019-10-03 11:31:42,2019-10-03 11:42:57,0,*******,100,675,1,2019-10-03 11:42:58,R_3HFkyCwC3pwHFWd,*******,*******,*******,*******,*******,*******,anonymous,ZH-S,136,个,坨,台,架,把,根,台,个,块,支,台,没有,把,支,台,没有,台,个,把,个,根,支,台,没有,把,支,个,没有,把,台,个,块,把,支,块,个,台,个,头,支,台,个,把,支,根,枝,条,没有,台,架,扇,没有,根,支,台,辆,把,没有,支,台,台,没有,条,块,把,支,块,个,把,根,个,只,把,根,架,台,架,台,支,根,台,个,个,没有,台,没有,台,个,把,个,把,架,把,块,台,个,块,支,台,个,把,支,个,没有,把,支,顶,个,辆,台,面,块,台,个,把,支,台,个,台,个,台,个,把,根,台,架,把,支,20477,
2019-10-03 12:27:24,2019-10-03 12:39:23,0,*******,100,718,1,2019-10-03 12:39:24,R_33r4HcSa4ZiLVFz,*******,*******,*******,*******,*******,*******,anonymous,ZH-S,137,颗,个,台,座,把,没有,把,没有,只,个,把,个,支,个,台,没有,个,没有,把,没有,颗,个,台,没有,把,个,只,没有,把,没有,只,个,把,个,枚,个,台,个,头,个,台,没有,把,没有,支,个,条,没有,座,台,扇,没有,枚,个,辆,台,把,个,把,只,台,没有,条,没有,个,支,面,没有,把,个,枚,颗,把,个,架,没有,辆,没有,支,个,台,没有,只,个,台,架,座,台,把,个,把,没有,把,没有,台,没有,只,没有,台,个,支,个,座,个,把,个,顶,个,辆,台,面,没有,盏,个,把,没有,把,没有,个,没有,台,没有,把,个,台,没有,把,支,50222,
2019-10-03 13:02:57,2019-10-03 13:18:47,0,*******,100,950,1,2019-10-03 13:18:48,R_2B9emTR3dGr6HGk,*******,*******,*******,*******,*******,*******,anonymous,ZH-S,138,颗,个,台,没有,把,没有,个,没有,个,没有,台,没有,把,个,台,没有,个,台,把,没有,颗,没有,台,没有,把,没有,只,个,把,没有,把,支,把,没有,块,个,台,个,颗,没有,台,没有,把,个,只,个,个,枚,台,没有,扇,没有,个,颗,辆,架,个,没有,个,没有,台,没有,个,没有,把,个,块,个,把,个,个,颗,个,架,台,架,辆,没有,只,个,台,没有,个,颗,架,座,台,架,把,只,把,台,把,个,台,没有,个,没有,台,个,只,个,座,个,把,没有,顶,个,辆,没有,面,个,盏,个,把,个,台,个,台,个,台,没有,把,个,台,个,把,没有,11642,
2019-10-04 10:36:42,2019-10-04 10:45:34,0,*******,100,531,1,2019-10-04 10:45:34,R_24BMP4FJPonfBYB,*******,*******,*******,*******,*******,*******,anonymous,ZH-S,139,颗,个,台,架,把,个,个,没有,个,没有,台,个,把,个,台,架,台,个,把,个,颗,个,台,没有,把,个,个,没有,把,没有,个,没有,个,把,枚,个,台,个,头,颗,台,个,个,枚,支,个,条,没有,台,个,扇,没有,个,没有,辆,个,个,把,个,没有,台,个,条,没有,个,没有,块,个,把,个,个,没有,个,没有,架,没有,辆,没有,个,没有,台,个,个,粒,架,个,架,个,把,个,架,个,把,没有,个,没有,块,个,台,个,个,没有,个,座,把,个,顶,个,辆,没有,面,个,盏,个,把,个,个,把,台,个,台,个,个,没有,台,架,把,个,25858,
2019-10-04 11:43:00,2019-10-04 11:53:17,0,*******,100,616,1,2019-10-04 11:53:17,R_72mCAxEw0MiqHCN,*******,*******,*******,*******,*******,*******,anonymous,ZH-S,140,个,没有,架,个,把,个,个,没有,支,个,个,没有,把,个,个,架,个,没有,个,把,个,把,台,个,把,个,个,支,把,个,个,没有,个,没有,个,支,台,个,头,个,台,个,把,个,个,没有,条,个,台,个,扇,个,个,没有,辆,个,把,个,个,没有,台,个,条,个,个,没有,个,面,个,没有,个,没有,个,支,架,个,辆,个,个,支,个,台,个,没有,架,个,座,个,把,个,吧,个,把,个,个,没有,支,个,个,没有,个,没有,座,个,把,个,顶,个,辆,个,面,个,个,座,把,个,个,没有,个,没有,台,个,个,没有,个,没有,把,个,83977,
2019-10-04 12:05:22,2019-10-04 12:18:38,0,*******,100,795,1,2019-10-04 12:18:38,R_pAAslvjQ14okdY5,*******,*******,*******,*******,*******,*******,anonymous,ZH-S,141,棵,个,台,个,把,个,张,个,个,没有,个,没有,个,把,台,部,个,没有,把,个,棵,没有,台,个,把,个,个,没有,把,没有,个,没有,把,个,个,块,台,部,颗,没有,台,部,把,没有,个,没有,条,个,台,部,扇,没有,个,没有,辆,台,把,个,个,没有,台,部,条,没有,把,个,个,面,把,个,颗,没有,把,个,架,部,辆,部,个,没有,台,没有,个,没有,台,架,个,没有,把,个,把,台,把,面,个,部,个,没有,个,部,个,把,个,座,把,个,个,顶,辆,台,面,个,个,盏,把,把,个,没有,个,没有,台,部,把,个,台,个,把,没有,14760,
2019-10-04 12:48:20,2019-10-04 12:59:30,0,*******,100,669,1,2019-10-04 12:59:30,R_3CHEilI6ZEwrtmE,*******,*******,*******,*******,*******,*******,anonymous,ZH-S,142,颗,个,架,台,把,个,只,台,个,只,个,没有,把,只,架,台,个,只,把,只,颗,没有,台,个,把,个,只,个,把,个,枚,个,把,只,枚,个,台,个,颗,枚,台,个,把,枚,枚,个,条,只,台,个,扇,没有,枚,个,辆,台,把,只,只,个,台,个,根,条,个,没有,块,面,把,个,枚,个,把,只,架,没有,辆,没有,只,个,台,没有,枚,个,架,台,架,台,把,个,把,架,把,个,台,个,块,只,个,只,只,个,座,个,把,个,顶,只,辆,台,面,只,个,只,把,没有,个,只,个,只,台,没有,把,个,台,只,把,没有,39470,
2019-10-04 13:27:23,2019-10-04 13:37:29,0,*******,100,606,1,2019-10-04 13:37:30,R_2qt53aOHmeVV3PY,*******,*******,*******,*******,*******,*******,anonymous,ZH-S,143,个,没有,台,个,把,个,个,没有,个,没有,个,没有,把,个,个,没有,个,没有,个,"把 ",个,没有,台,个,个,条,个,没有,把,个,个,没有,把,个,面,个,台,个,个,瓣,台,个,把,个,条,根,条,个,个,台,扇,个,个,没有,辆,没有,个,把,把,个,台,个,条,个,个,没有,面,个,把,个,个,没有,个,没有,架,没有,辆,个,个,没有,台,个,个,没有,台,架,个,没有,个,没有,把,架,面,把,台,个,条,个,个,没有,个,没有,座,栋,把,个,顶,个,辆,没有,面,个,台,个,把,个,个,盘,个,把,台,个,把,个,台,个,把,架,97693,
2019-10-04 14:15:32,2019-10-04 14:26:23,0,*******,100,651,1,2019-10-04 14:26:24,R_3LjnIOsee7Hz4gv,*******,*******,*******,*******,*******,*******,anonymous,ZH-S,144,颗,,部,架,把,柄,把,个,支,根,个,把,把,没有,台,个,只,个,把,柄,棵,没有,部,台,把,没有,只,个,把,没有,把,个,把,根,块,枚,台,个,颗,个,台,个,把,没有,根,个,根,条,台,个,扇,没有,根,个,辆,部,把,柄,根,个,台,部,条,根,根,个,块,没有,把,个,枚,颗,把,没有,架,没有,台,辆,个,支,台,部,颗,个,架,部,座,没有,把,个,架,部,把,柄,台,个,块,支,部,个,个,副,座,个,副,把,个,只,台,没有,面,个,个,座,把,没有,个,没有,部,个,台,个,个,把,部,台,把,没有,21757,
2019-10-04 14:57:13,2019-10-04 15:09:17,0,*******,100,723,1,2019-10-04 15:09:18,R_3eAgFPdpl10vPNf,*******,*******,*******,*******,*******,*******,anonymous,ZH-S,145,颗,没有,架,台,把,根,把,张,把,个,台,把,个,没有,台,架,只,个,把,只,颗,没有,台,没有,把,枚,只,个,把,台,根,个,把,支,个,枚,台,座,个,根,台,个,把,枚,支,个,根,条,台,没有,扇,个,根,个,辆,架,把,个,把,支,台,个,根,条,个,没有,块,个,把,根,个,没有,把,枚,辆,台,辆,台,支,没有,台,架,枚,个,台,架,架,台,把,个,把,台,把,个,台,没有,块,枚,台,个,把,支,座,个,把,个,顶,只,辆,台,面,没有,把,个,把,个,把,没有,个,台,台,座,只,把,台,架,把,支,78491,
2019-10-07 10:35:56,2019-10-07 10:44:15,0,*******,100,499,1,2019-10-07 10:44:16,R_27gmRhyZW3or9XS,*******,*******,*******,*******,*******,*******,anonymous,ZH-S,146,棵,个,台,架,只,把,个,没有,只,幅,个,台,把,只,台,个,个,没有,把,没有,棵,只,台,个,把,副,只,副,把,个,个,没有,把,副,块,个,台,盏,头,颗,台,个,把,副,支,根,条,没有,架,台,扇,个,只,个,辆,台,把,个,副,只,台,个,条,捆,把,个,块,个,把,个,只,个,把,副,架,个,辆,台,只,个,台,个,个,只,架,没有,个,没有,把,只,把,个,把,只,台,个,块,只,台,个,把,副,个,座,把,副,顶,个,辆,没有,面,个,盏,只,把,只,个,没有,只,个,台,个,副,只,台,幅,柄,支,12767,
2019-10-07 11:19:00,2019-10-07 11:32:25,0,*******,100,804,1,2019-10-07 11:32:25,R_1Cama0Gq2gWeiB7,*******,*******,*******,*******,*******,*******,anonymous,ZH-S,147,个,枚,架,台,把,只,个,只,只,枚,台,架,把,个,台,没有,只,枚,把,没有,只,把,台,没有,把,没有,只,没有,把,只,只,没有,把,只,枚,个,台,架,只,没有,台,没有,把,枚,支,个,条,只,台,架,扇,没有,枚,个,辆,台,把,只,盏,只,台,没有,只,没有,个,只,座,个,把,只,只,枚,把,没有,架,没有,辆,没有,支,个,部,台,只,个,台,架,台,座,把,枚,台,个,把,没有,台,没有,只,个,台,个,只,个,座,没有,把,没有,顶,只,辆,台,枚,个,盏,个,把,只,只,没有,台,个,台,个,只,把,台,没有,只,把,78811,
2019-10-07 13:35:31,2019-10-07 13:45:22,0,*******,100,591,1,2019-10-07 13:45:23,R_1QfJfDPIDLXk4et,*******,*******,*******,*******,*******,*******,anonymous,ZH-S,148,颗,个,台,架,把,没有,个,没有,个,没有,台,个,把,个,台,没有,个,没有,把,没有,颗,没有,台,没有,把,没有,只,没有,把,没有,只,没有,把,只,枚,没有,台,没有,头,个,台,没有,把,没有,个,没有,条,没有,台,没有,扇,没有,个,没有,台,辆,只,个,个,只,台,没有,条,没有,把,个,块,个,把,没有,个,颗,把,个,架,没有,台,架,个,只,台,没有,颗,个,架,台,台,没有,个,把,架,台,把,个,台,没有,块,没有,台,个,个,把,座,没有,把,没有,顶,没有,辆,没有,面,个,盏,没有,把,没有,个,没有,台,没有,台,没有,个,没有,台,没有,把,没有,39694,
2019-10-07 14:23:00,2019-10-07 14:34:37,0,*******,100,696,1,2019-10-07 14:34:37,R_1CwlN9RTjURKwuW,*******,*******,*******,*******,*******,*******,anonymous,ZH-S,149,颗,球,台,个,把,柄,把,个,个,枚,个,没有,把,只,个,台,个,枚,柄,把,颗,个,台,个,把,个,只,个,把,个,个,块,把,只,枚,块,台,座,颗,个,台,个,把,枚,支,个,条,个,台,个,扇,个,枚,个,辆,个,把,柄,只,个,台,个,条,块,把,个,块,面,把,柄,只,个,把,个,架,只,辆,个,个,支,台,个,枚,个,架,座,把,座,把,个,把,座,把,面,个,台,块,只,个,台,个,枚,座,个,把,个,顶,个,辆,个,面,块,个,台,把,个,个,没有,台,个,台,个,个,柄,个,块,把,个,70097,
2019-10-07 15:05:45,2019-10-07 15:17:01,0,*******,100,675,1,2019-10-07 15:17:01,R_2THtBVIPABCZOtx,*******,*******,*******,*******,*******,*******,anonymous,ZH-S,150,棵,个,台,没有,把,没有,个,没有,个,没有,台,个,把,个,台,个,台,个,把,没有,棵,没有,台,没有,把,个,只,个,把,没有,根,个,根,个,枚,个,台,没有,个,没有,台,个,把,根,根,个,条,没有,台,没有,扇,没有,个,没有,辆,个,个,把,个,没有,台,没有,条,根,个,没有,块,个,把,个,个,没有,个,枚,架,没有,辆,没有,个,没有,台,个,个,颗,架,台,个,没有,把,个,架,没有,把,个,台,个,个,根,台,个,把,个,座,没有,把,个,个,顶,台,辆,面,个,盏,个,把,个,个,把,台,个,台,没有,根,个,台,个,把,没有,54034,
2019-10-08 09:31:23,2019-10-08 09:47:34,0,*******,100,971,1,2019-10-08 09:47:35,R_2tKZ1QNPSn7JrFN,*******,*******,*******,*******,*******,*******,anonymous,ZH-S,151,棵,没有,架,台,把,柄,把,没有,个,没有,架,没有,把,没有,台,架,台,只,把,没有,棵,没有,台,没有,把,没有,只,副,把,没有,根,把,柄,把,枚,块,架,台,头,只,台,没有,只,根,根,只,只,条,架,座,扇,没有,根,个,架,台,把,柄,只,没有,台,没有,根,条,把,没有,面,架,把,柄,个,只,柄,只,架,台,辆,没有,根,柄,架,座,个,没有,架,台,架,座,把,没有,把,架,把,柄,台,没有,只,块,台,没有,把,柄,座,没有,把,没有,只,没有,辆,架,面,没有,架,台,把,只,副,把,台,没有,台,没有,把,柄,台,没有,把,柄,28155,
2019-10-08 13:01:09,2019-10-08 13:14:34,0,*******,100,805,1,2019-10-08 13:14:35,R_248fFydlDeM0JGO,*******,*******,*******,*******,*******,*******,anonymous,ZH-S,152,个,没有,台,架,把,没有,个,没有,只,个,个,台,把,个,台,个,台,只,把,个,颗,没有,台,个,把,个,只,个,把,没有,个,只,把,支,块,枚,台,没有,颗,个,台,个,把,没有,支,根,条,根,台,没有,扇,个,个,没有,辆,架,把,没有,只,个,台,个,条,根,把,个,块,没有,个,支,个,颗,个,把,架,没有,辆,架,个,支,台,没有,个,颗,架,台,个,台,把,个,台,架,把,没有,台,没有,只,块,台,没有,只,个,座,没有,把,没有,顶,没有,台,辆,个,没有,台,个,把,没有,支,个,台,个,台,没有,个,没有,台,没有,支,把,43573,
2019-10-08 13:16:03,2019-10-08 13:24:11,0,*******,100,487,1,2019-10-08 13:24:11,R_2f27tIAJhNyXhJs,*******,*******,*******,*******,*******,*******,anonymous,ZH-S,153,个,没有,台,架,个,没有,个,张,只,个,个,没有,把,个,台,只,个,没有,把,个,颗,个,台,只,把,个,只,个,只,个,只,个,把,只,个,只,只,个,头,颗,台,个,把,个,个,根,只,个,台,个,扇,没有,枚,个,辆,台,个,把,只,个,个,只,个,没有,只,个,个,台,只,个,枚,颗,只,个,架,个,辆,架,只,个,个,只,颗,个,架,台,架,个,把,个,架,台,把,个,个,台,只,只,台,个,只,个,个,没有,把,只,个,顶,辆,个,枚,个,个,没有,把,没有,只,个,个,只,台,只,根,只,台,个,张,把,28265,
2019-10-08 13:47:11,2019-10-08 14:00:29,0,*******,100,797,1,2019-10-08 14:00:29,R_2E4etV4FwZnuv0F,*******,*******,*******,*******,*******,*******,anonymous,ZH-S,154,个,没有,台,个,把,只,个,没有,只,个,台,个,把,支,台,个,只,个,把,条,根,个,台,个,把,个,只,个,把,个,只,个,把,支,个,面,台,个,头,个,台,个,把,只,支,只,条,根,台,个,扇,个,只,根,辆,个,把,个,把,只,台,个,条,根,只,个,面,个,把,只,只,个,把,个,架,个,辆,个,支,个,台,个,只,个,架,台,台,个,把,支,架,把,把,面,台,个,只,个,台,个,把,支,座,个,把,个,顶,个,辆,个,面,个,个,台,把,支,把,个,把,个,台,个,把,支,台,个,把,只,33462,
2019-10-09 10:07:27,2019-10-09 10:17:45,0,*******,100,618,1,2019-10-09 10:17:46,R_d1lFUnWUwRyHhZL,*******,*******,*******,*******,*******,*******,anonymous,ZH-S,155,个,没有,台,架,把,个,个,座,副,个,个,没有,把,个,台,架,个,没有,把,支,个,把,台,个,把,副,只,个,把,个,支,个,把,双,副,个,台,个,头,个,台,个,把,副,根,支,条,副,台,架,扇,个,个,没有,辆,台,把,个,支,台,台,个,条,根,个,把,块,个,把,个,个,只,把,个,架,个,辆,架,个,支,台,个,个,没有,架,台,台,个,把,个,台,架,把,副,台,个,只,个,个,没有,个,没有,个,座,把,个,顶,副,辆,台,面,台,盏,个,把,个,个,副,个,台,台,个,只,副,台,个,把,副,23608,
2019-10-17 10:41:21,2019-10-17 10:52:58,0,*******,100,696,1,2019-10-17 10:52:58,R_10YIRvhIHtjRsGZ,*******,*******,*******,*******,*******,*******,anonymous,ZH-S,156,个,只,台,架,把,个,个,没有,个,没有,个,没有,把,个,台,个,个,台,把,个,颗,个,台,个,把,个,只,个,把,个,只,个,把,个,块,个,个,台,头,没有,台,个,把,个,支,个,条,个,台,个,扇,个,个,枚,辆,个,把,个,个,没有,台,个,条,个,把,个,块,个,只,把,只,个,把,个,架,个,辆,个,个,支,台,个,个,只,架,台,台,架,把,个,架,台,把,个,台,个,只,个,台,个,把,个,个,座,把,个,顶,个,辆,个,面,个,个,没有,把,个,把,个,台,个,台,个,把,个,台,个,把,个,35070,
2019-10-17 11:23:53,2019-10-17 11:32:01,0,*******,100,488,1,2019-10-17 11:32:01,R_1OlafLkCh6Rz6gA,*******,*******,*******,*******,*******,*******,anonymous,ZH-S,157,个,颗,架,个,把,个,个,没有,个,枚,个,没有,把,个,台,个,个,只,把,只,棵,个,台,个,个,没有,只,个,把,只,个,没有,把,个,枚,个,台,个,头,个,台,个,把,个,只,没有,条,个,台,只,扇,个,个,枚,台,个,个,把,个," 没有",台,只,条,只,个,只,个,没有,把,个,个,颗,把,个,架,个,架,台,只,个,台,个,个,没有,架,台,个,只,把,只,架,个,把,面,台,个,个,没有,台,个,个,只,个,没有,个,没有,顶,只,辆,台,个,没有,盏,个,把,个,个,没有,台,个,台,个,个,把,台,个,把,个,68238,
2019-10-17 14:01:33,2019-10-17 14:10:45,0,*******,100,551,1,2019-10-17 14:10:45,R_3QEiumSPa1F1kPc,*******,*******,*******,*******,*******,*******,anonymous,ZH-S,158,个,颗,台,个,把,个,个,只,个,只,个,没有,把,只,架,台,个,台,把,个,颗,个,台,个,个,只,只,没有,台,个,个,只,只,个,枚,块,台,个,头,个,台,个,把,个,只,个,条,个,台,架,扇,个,个,只,辆,没有,把,个,个,只,个,台,条,只,个,只,个,台,只,个,个,没有,把,只,架,个,辆,架,个,只,台,个,个,只,台,个,个,台,把,只,架,个,把,只,台,个,只,个,台,个,把,个,个,座,把,只,顶,只,辆,个,个,把,个,台,把,只,把,没有,台,个,台,个,把,没有,台,个,把,只,20076,
2019-10-17 14:55:01,2019-10-17 15:08:08,0,*******,100,787,1,2019-10-17 15:08:09,R_2tfkaBb3N33scpM,*******,*******,*******,*******,*******,*******,anonymous,ZH-S,159,棵,卷,台,架,把,个,座,个,只,个,个,只,个,没有,台,个,台,只,把,只,棵,束,台,个,把,个,只,个,只,个,根,条,只,个,枚,个,台,架,棵,枚,台,个,把,个,根,只,条,个,台,架,扇,个,个,枚,辆,个,把,个,把,只,台,个,条,个,个,把,张,座,柄,枚,枚,个,只,枚,架,辆,辆,个,只,个,台,个,枚,个,架,座,台,架,只,个,架,张,把,张,台,个,只,枚,台,个,只,个,座,个,把,枚,顶,个,辆,个,张,个,个,台,把,个,张,个,台,个,台,个,只,个,台,架,把,张,51169,
2019-10-18 10:21:14,2019-10-18 10:31:13,0,*******,100,599,1,2019-10-18 10:31:14,R_1mrXsz1Wahsx1O7,*******,*******,*******,*******,*******,*******,anonymous,ZH-S,160,棵,个,台,个,把,只,个,没有,只,个,个,只,把,个,台,没有,台,个,把,没有,棵,个,台,只,把,个,只,没有,把,只,个,只,支,没有,个,块,台,个,头,个,台,座,把,没有,只,个,条,没有,台,座,扇,个,个,只,台,没有,个,只,只,个,台,只,条,没有,个,没有,块,没有,把,只,个,没有,个,只,架,台,台,没有,个,只,台,只,只,个,台,只,座,架,把,个,把,台,把,没有,台,个,只,个,台,个,支,个,座,个,只,把,顶,只,辆,个,把,没有,只,没有,把,没有,个,没有,台,个,台,个,只,没有,台,个,只,没有,64315,
2019-10-18 11:12:13,2019-10-18 11:25:40,0,*******,100,807,1,2019-10-18 11:25:41,R_AExrIedse4AgYzT,*******,*******,*******,*******,*******,*******,anonymous,ZH-S,161,棵,没有,台,个,把,没有,把,没有,枚,个,个,没有,把,个,台,个,个,没有,把,个,棵,没有,台,没有,把,没有,支,没有,把,台,支,个,把,个,枚,面,台,没有,头,棵,台,个,把,没有,支,个,条,没有,台,台,扇,没有,个,枚,台,没有,把,没有,把,个,台,没有,条,没有,把,个,个,块,把,个,枚,个,把,支,台,架,台,没有,个,支,台,没有,枚,个,架,台,架,台,把,个,把,架,把,面,台,个,支,个,台,个,把,没有,个,座,把,没有,顶,个,台,辆,面,个,台,个,把,没有,把,个,个,台,台,个,把,个,台,没有,把,没有,97713,
2019-10-18 12:06:21,2019-10-18 12:20:21,0,*******,100,839,1,2019-10-18 12:20:22,R_VJ6nrqUoqmdsXfz,*******,*******,*******,*******,*******,*******,anonymous,ZH-S,162,颗,个,台,个,把,个,张,个,个,件,个,没有,把,个,台,没有,个,把,把,没有,颗,把,台,个,把,没有,支,个,把,没有,把,个,把,支,枚,块,台,个,个,颗,台,个,把,没有,根,支,根,条,台,个,扇,没有,枚,个,辆,个,把,个,支,个,台,个,条,根,把,个,面,个,把,支,枚,个,把,个,架,辆,辆,把,支,把,台,个,个,枚,台,没有,台,个,把,支,台,个,面,把,台,个,只,块,台,个,把,个,座,个,把,没有,顶,个,辆,没有,面,没有,盏,个,把,没有,把,个,个,台,台,个,个,根,台,个,把,张,91979,
2019-10-18 12:40:00,2019-10-18 12:49:56,0,*******,100,596,1,2019-10-18 12:49:57,R_10TUoam4uDRxFHM,*******,*******,*******,*******,*******,*******,anonymous,ZH-S,163,颗,个,架,台,柄,个,个,没有,只,个,个,没有,支,个,台,个,个,没有,柄,个,棵,没有,台,个,把,个,个,只,把,个,把,个,把,支,块,个,个,台,头,个,台,个,把,没有,个,支,条,个,台,架,扇,没有,个,没有,辆,台,个,把,个,没有,台,个,条,没有,个,把,块,个,把,个,个,只,把,柄,架,台,辆,台,个,只,台,没有,个,没有,架,台,架,具,把,个,架,没有,把,柄,台,个,个,只,台,个,个,没有,座,个,把,没有,顶,只,辆,台,个,架,个,没有,把,没有,把,个,个,没有,台,个,把,个,个,台,柄,没有,61093,
2019-10-18 13:22:03,2019-10-18 13:33:28,0,*******,100,684,1,2019-10-18 13:33:28,R_3hcnHO2QUlO80yd,*******,*******,*******,*******,*******,*******,anonymous,ZH-S,164,棵,没有,台,架,把,没有,个,没有,只,个,台,个,把,没有,台,部,个,没有,把,没有,棵,没有,台,部,把,没有,只,没有,把,部,个,没有,把,没有,枚,没有,台,部,头,棵,台,个,把,片,支,个,条,没有,台,部,扇,没有,个,没有,台,部,把,没有,个,没有,台,部,条,没有,个,没有,块,面,把,只,个,没有,把,没有,架,没有,架,部,个,没有,台,部,个,只,架,没有,台,架,把,没有,把,架,把,面,台,没有,只,个,台,个,把,只,个,没有,把,没有,顶,没有,台,部,面,没有,部,个,把,没有,把,没有,台,部,台,部,把,个,台,部,把,没有,70955,
2019-10-18 14:08:17,2019-10-18 14:17:11,0,*******,100,533,1,2019-10-18 14:17:11,R_bNPcJR2yGPeC4iB,*******,*******,*******,*******,*******,*******,anonymous,ZH-S,165,个,坨,台,架,把,个,台,个,个,没有,个,台,个,把,个,台,个,没有,个,把,颗,个,台,个,把,支,只,个,把,个,个,把,把,个,枚,个,台,个,颗,个,台,个,把,只,个,根,条,个,台,个,个,扇,个,没有,台,辆,把,没有,只,个,台,个,根,个,个,把,个,块,把,个,个,颗,个,只,架,个,辆,个,个,只,台,个,个,没有,台,架,个,没有,把,个,台,个,把,个,台,个,个,只,台,个,个,只,个,没有,把,个,顶,个,辆,个,个,支,个,只,把,个,个,没有,个,没有,台,个,个,支,台,个,把,只,83526,
2019-10-18 14:49:56,2019-10-18 14:59:09,0,*******,100,552,1,2019-10-18 14:59:09,R_3HRe6tJ571wap4Y,*******,*******,*******,*******,*******,*******,anonymous,ZH-S,166,个,没有,架,台,把,个,个,没有,只,个,个,没有,把,个,台,架,只,个,把,没有,只,没有,台,没有,把,个,只,个,把,个,支,个,支,把,枚,个,台,个,头,个,台,个,把,没有,支,个,条,个,台,架,扇,个,个,只,辆,个,把,个,把,个,台,个,条,没有,个,把,块,个,把,个,个,只,把,个,架,个,辆,架,个,支,台,个,个,只,架,台,台,个,把,个,台,个,把,个,台,个,块,个,台,个,个,没有,座,个,把,个,顶,个,辆,个,台,个,台,个,把,个,个,没有,个,把,台,个,把,个,台,个,把,没有,87440,
2019-10-21 11:21:52,2019-10-21 11:34:01,0,*******,100,729,1,2019-10-21 11:34:02,R_2Bb5JU27lLoOyFi,*******,*******,*******,*******,*******,*******,anonymous,ZH-S,167,个,没有,架,个,把,个,个,把,个,支,台,个,把,个,个,台,个,没有,个,把,个,没有,台,个,个,把,个,只,把,个,个,没有,把,个,个,枚,台,个,头,个,个,台,把,没有,支,个,条,个,个,台,扇,个,个,没有,辆,台,个,把,个,没有,台,个,条,个,个,没有,个,没有,把,支,个,枚,个,把,架,没有,辆,个,支,个,台,个,个,支,架,台,个,没有,把,个,台,支,把,支,台,个,支,块,台,个,个,支,个,没有,把,个,顶,个,辆,没有,个,没有,个,没有,把,没有,个,没有,个,没有,台,个,个,支,台,个,把,个,19480,
2019-10-21 13:38:50,2019-10-21 13:50:11,0,*******,100,680,1,2019-10-21 13:50:11,R_2P1iNXTtOGLxenn,*******,*******,*******,*******,*******,*******,anonymous,ZH-S,168,个,没有,台,架,把,只,个,没有,只,没有,个,台,把,个,个,台,个,台,把,没有,株,个,台,个,把,没有,只,没有,把,没有,个,没有,把,没有,个,没有,台,没有,个,没有,台,个,把,只,根,个,根,没有,台,个,扇,没有,个,没有,辆,没有,个,没有,只,个,台,没有,根,条,个,只,个,架,个,没有,个,没有,把,个,架,只,辆,没有,支,个,台,个,个,只,架,没有,个,架,把,个,台,架,把,没有,个,台,只,个,台,个,个,只,个,只,把,没有,顶,只,辆,没有,面,个,盏,个,把,没有,个,台,台,个,台,个,把,没有,台,个,把,只,21662,
2019-10-21 14:23:16,2019-10-21 14:34:57,0,*******,100,700,1,2019-10-21 14:34:57,R_10uxey4tEh6ISkD,*******,*******,*******,*******,*******,*******,anonymous,ZH-S,169,个,没有,台,架,把,没有,把,个,只,个,只,个,把,个,台,没有,个,没有,把,没有,颗,把,台,没有,把,个,只,没有,把,没有,只,个,只,根,块,个,台,只,个,只,台,没有,把,没有,根,块,条,没有,台,没有,扇,没有,个,只,台,辆,把,个,只,个,台,没有,根,条,把,只,块,没有,把,只,个,只,把,个,架,没有,辆,台,个,只,台,没有,个,只,架,台,台,个,把,个,台,个,把,没有,台,没有,只,块,台,个,把,个,个,架,把,个,只,顶,台,辆,面,把,个,台,把,没有,把,只,个,只,台,没有,个,把,台,没有,把,张,60107,
2019-10-21 15:00:06,2019-10-21 15:07:23,0,*******,100,437,1,2019-10-21 15:07:24,R_1oh9dlQJ5gPjNQU,*******,*******,*******,*******,*******,*******,anonymous,ZH-S,170,棵,个,架,个,把,个,个,座,个,没有,台,个,把,个,台,架,台,个,把,个,棵,个,台,个,把,个,个,只,把,个,柄,个,把,个,块,个,台,个,头,个,台,个,把,个,根,个,条,个,台,个,扇,没有,枚,个,台,辆,把,个,个,把,台,个,条,根,把,个,块,个,把,个,枚,个,把,个,架,个,辆,个,个,没有,台,个,个,头,架,台,座,台,把,个,座,台,把,个,台,个,块,个,台,个,把,个,座,个,把,个,顶,个,辆,个,面,个,盏,座,把,个,把,个,个,把,台,个,把,个,台,个,把,个,34623,
2019-10-22 10:46:54,2019-10-22 10:56:34,0,*******,100,579,1,2019-10-22 10:56:34,R_zUajr3OvEmprkvn,*******,*******,*******,*******,*******,*******,anonymous,ZH-S,171,颗,个,台,个,个,把,个,台,只,个,个,没有,把,个,台,个,台,只,把,个,颗,个,台,个,把,个,只,个,把,个,条,把,把,个,个,枚,台,个,颗,个,台,个,把,个,根,条,条,个,台,个,扇,个,个,没有,辆,架,把,只,个,只,台,本,条,没有,把,个,台,面,个,把,个,没有,把,个,台,架,台,架,只,个,台,个,个,只,台,架,只,个,把,个,把,台,把,只,台,个,只,个,个,台,个,没有,座,个,把,只,顶,个,辆,架,面,个,只,个,把,个,只,个,台,个,个,台,个,支,台,架,把,只,62487,
2019-10-22 13:48:35,2019-10-22 13:58:45,0,*******,100,609,1,2019-10-22 13:58:45,R_2fkxf1cI6buSXlL,*******,*******,*******,*******,*******,*******,anonymous,ZH-S,172,棵,个,架,台,把,个,个,没有,个,没有,个,没有,把,个,台,架,个,没有,把,个,棵,没有,台,个,把,个,只,没有,把,个,个,没有,把,个,块,个,个,没有,头,没有,台,个,把,没有,个,没有,条,个,台,架,扇,没有,个,没有,辆,架,把,个,个,没有,台,个,条,没有,个,没有,个,没有,把,个,个,粒,架,个,架,辆,辆,架,个,没有,台,个,个,没有,架,没有,座,架,把,个,架,个,把,没有,个,没有,块,个,个,没有,把,个,座,个,把,个,顶,个,辆,没有,面,个,个,没有,把,没有,个,没有,个,没有,台,个,个,没有,架,个,把,没有,13120,
2019-10-23 13:34:11,2019-10-23 13:43:19,0,*******,100,547,1,2019-10-23 13:43:19,R_3qWqdA10yknQXnX,*******,*******,*******,*******,*******,*******,anonymous,ZH-S,173,棵,个,台,座,把,没有,张,把,只,枚,个,台,把,个,台,架,台,没有,把,只,棵,个,台,没有,把,没有,只,没有,把,个,根,个,把,根,块,枚,台,座,头,枚,台,没有,把,没有,个,支,条,根,台,架,扇,没有,枚,个,辆,台,把,个,个,没有,台,个,根,只,把,没有,块,没有,把,个,枚,只,把,没有,架,没有,辆,台,根,没有,台,没有,枚,只,台,架,架,台,把,只,架,没有,把,没有,台,个,只,没有,台,个,把,个,座,没有,把,没有,顶,没有,辆,没有,面,架,座,个,把,没有,把,个,台,个,台,没有,把,个,台,没有,把,张,35894,
2019-10-23 14:25:11,2019-10-23 14:33:42,0,*******,100,510,1,2019-10-23 14:33:42,R_1r0yTHn2HjlSJD8,*******,*******,*******,*******,*******,*******,anonymous,ZH-S,174,颗,个,架,把,把,没有,台,个,只,没有,个,只,把,没有,架,没有,把,没有,把,只,颗,没有,台,没有,把,个,个,只,只,没有,个,把,只,没有,个,只,架,个,颗,没有,台,没有,把,没有,只,没有,个,没有,台,个,扇,没有,个,没有,辆,架,只,把,把,只,台,没有,条,没有,把,没有,个,片,把,只,只,个,把,没有,架,没有,架,辆,个,没有,台,没有,个,没有,架,没有,架,没有,把,只,架,把,把,只,台,没有,只,个,台,个,把,个,个,没有,把,个,顶,没有,辆,架,个,台,盏,个,把,没有,把,没有,只,个,个,台,只,把,个,架,把,张,12381,
2019-10-25 11:27:48,2019-10-25 11:37:31,0,*******,100,582,1,2019-10-25 11:37:31,R_3Gdo3bbSkywVtk7,*******,*******,*******,*******,*******,*******,anonymous,ZH-S,175,个,没有,台,个,把,只,个,没有,只,个,个,只,把,个,台,个,个,只,把,个,根,个,台,个,把,个,只,个,把,只,只,个,把,只,个,只,台,个,只,个,台,个,把,个,根,个,条,个,台,个,扇,没有,个,只,辆,架,把,只,个,只,台,个,条,个,个,把,个,面,只,个,个,只,个,只,架,个,辆,台,个,只,台,个,个,只,架,台,个,没有,把,只,把,个,把,只,台,个,个,只,台,架,个,把,座,个,把,只,顶,只,辆,台,面,只,个,没有,把,个,把,个,个,没有,台,个,只,个,台,个,把,个,27659,
2019-10-25 12:12:59,2019-10-25 12:21:33,0,*******,100,513,1,2019-10-25 12:21:33,R_2XjHZi7OsCYkIYU,*******,*******,*******,*******,*******,*******,anonymous,ZH-S,176,头,颗,个,没有,个,把,个,座,枚,个,个,没有,个,没有,台,个,个,台,个,把,枚,颗,台,个,个,把,个,没有,个,没有,个,没有,个,把,枚,个,台,个,头,个,台,个,把,个,个,枚,个,没有,个,座,扇,个,个,枚,辆,个,把,个,把,个,台,个,个,没有,2,个,个,块,个,把,枚,个,个,把,架,个,辆,个,个,没有,台,个,个,没有,台,个,座,个,把,个,个,没有,个,把,个,没有,枚,个,台,个,个,支,座,座,个,把,顶,个,辆,个,个,扇,座,个,把,个,个,没有,个,没有,台,个,个,柄,个,没有,个,把,32731,
2019-10-25 12:52:11,2019-10-25 13:01:57,0,*******,100,586,1,2019-10-25 13:01:58,R_1Nkn0WbAKxSj7kL,*******,*******,*******,*******,*******,*******,anonymous,ZH-S,177,颗,头,台,架,把,没有,座,个,枚,没有,盏,个,枚,个,架,台,座,枚,把,只,株,颗,座,个,把,枚,副,枚,架,没有,杆,个,把,枚,枚,块,台,座,头,株,台,块,枚,把,枚,只,条,没有,台,没有,扇,座,枚,没有,架,辆,把,没有,把,个,台,个,条,没有,枚,个,块,扇,把,枚,只,个,架,枚,架,没有,辆,没有,枚,没有,座,个,枚,个,架,台,架,座,把,柄,架,台,把,张,台,没有,枚,块,台,架,把,柄,座,没有,把,枚,顶,个,辆,没有,扇,没有,盏,座,枚,把,把,个,台,把,座,个,把,块,架,个,张,把,29504,
2019-10-25 13:26:32,2019-10-25 13:35:37,0,*******,100,544,1,2019-10-25 13:35:37,R_2TWSkfLMwEiyhVh,*******,*******,*******,*******,*******,*******,anonymous,ZH-S,178,颗,棵,台,个,把,没有,张,没有,只,没有,台,个,把,没有,台,个,台,个,把,没有,颗,棵,台,没有,把,没有,个,没有,把,没有,个,没有,把,只,枚,没有,台,个,颗,个,台,没有,把,没有,只,没有,条,没有,台,没有,扇,没有,只,个,辆,没有,把,个,把,个,台,没有,条,没有,个,把,台,个,把,没有,个,没有,个,没有,架,没有,辆,没有,个,没有,台,个,个,没有,台,没有,台,架,把,个,台,架,把,只,台,个,只,没有,台,没有,把,没有,座,没有,把,个,顶,个,辆,没有,面,没有,个,没有,把,没有,把,没有,台,没有,台,没有,把,只,台,没有,把,张,86679,
